Zeitstempel,Age,Gender,City,Seniority level,Position (without seniority),Years of experience,Your main technology / programming language,Yearly brutto salary (without bonus and stocks),Yearly bonus,Yearly stocks,Yearly brutto salary (without bonus and stocks) one year ago. Only answer if staying in same country,Yearly bonus one year ago. Only answer if staying in same country,Yearly stocks one year ago. Only answer if staying in same country,Number of vacation days,Number of home office days per month,Main language at work,Company name ,Company size,Company type,Сontract duration,Company business sector,0
02.12.2019 11:18:26,33,Male,Berlin,Senior,Fullstack Developer,13,PHP,64000,1000,,58000,1000,,29,4,English,,50-100,Startup,unlimited,Tourism,
02.12.2019 11:18:35,29,Male,Berlin,Middle,Backend Developer,3,Python,55000,,,55000,,,22,4,English,,10-50,Product,unlimited,Scientific Activities,
02.12.2019 11:18:56,,Male,Berlin,Middle,Mobile Developer,4,Kotlin,70000,,,55000,,,27,,English,,1000+,Startup,unlimited,,
02.12.2019 11:19:08,30,Male,Berlin,Senior,Backend Developer,6,PHP,63000,,,,,,24,,English,Auto1,100-1000,Product,unlimited,Transport,
02.12.2019 11:19:37,32,Male,Berlin,Senior,Embedded Developer,10,C/C++,66000,,,56000,,,30,0,English,Luxoft,50-100,Product,unlimited,Automotive,
02.12.2019 11:20:30,33,Male,Berlin,Middle,Machine Learning Engineer,11,Python,80000,,,75000,,,27,5,English,Zalando,1000+,Product,unlimited,Сommerce,
02.12.2019 11:21:26,34,Male,Berlin,Senior,Backend Developer,12,Java,85000,,,76000,,,25,,English,,50-100,Startup,unlimited,,
02.12.2019 11:21:31,38,Male,Berlin,Head,Manager,15,Not Relevant,81000,4000,,75000,,,30,10,Deutsch,,100-1000,Product,unlimited,Automotive,
02.12.2019 11:21:38,,Male,Berlin,Lead,Mobile Developer,8,Swift,66000,,,63000,,,28,15,English,,100-1000,Product,unlimited,Coaching ,
02.12.2019 11:21:52,29,Male,Berlin,Senior,Mobile Developer,7,Kotlin,65000,,,54000,,,26,4,English,Bonial International GmbH,100-1000,Product,unlimited,Сommerce,
02.12.2019 11:21:55,27,Male,Berlin,Middle,Fullstack Developer,7,Javascript / Typescript,63000,,,60000,,,28,1,English,,10-50,Startup,unlimited,Finance / Insurance,
02.12.2019 11:22:36,31,Male,Berlin,Senior,Backend Developer,8,Go,65000,,,,,,26,,English,Football app,100-1000,Product,6 months,Gaming,
02.12.2019 11:22:43,23,Male,Berlin,Senior,DevOps,6,AWS,83000,,,63000,,,30,1,English,Digital service for one-man-business craftsmen,10-50,Startup,unlimited,Manufacture,
02.12.2019 11:23:23,27,Male,Berlin,Senior,"Designer (UI, UX)",9,Not Relevant,66000,5500,,52000,10400,,30,0,English,Koerber Digital,100-1000,Product,unlimited,Manufacture,
02.12.2019 11:23:31,33,Male,Berlin,Senior,Frontend Developer,10,Javascript / Typescript,70000,,,68000,,,40,10,English,,10-50,Startup,unlimited,Customer Support,
02.12.2019 11:24:20,,Male,Berlin,Senior,Backend Developer,7,Java,80000,,,62000,5000,,26,4,English,,100-1000,Startup,unlimited,Transport,
02.12.2019 11:24:53,31,Male,Berlin,Middle,Mobile Developer,6,Swift,72000,,,70000,,,27,0,English,Omio,100-1000,Product,unlimited,Сommerce,
02.12.2019 11:24:54,34,Male,Berlin,Senior,Backend Developer,10,Java,87000,,,,,,28,,English,,50-100,Product,unlimited,Advertising,
02.12.2019 11:25:24,33,Male,Berlin,Senior,DevOps,12,Kubernetes,90000,,,84000,,,30,,English,,1000+,Product,unlimited,Сommerce,
02.12.2019 11:25:36,31,Male,Berlin,Senior,Data Scientist,6,Python,78000,,,76000,,,,,English,,1000+,Product,unlimited,Сommerce,
02.12.2019 11:25:49,24,Male,Berlin,Middle,Machine Learning Engineer,2,C/C++,70000,,,70000,,,30,,English,,10-50,Startup,unlimited,Health,
02.12.2019 11:26:09,28,Male,Hamburg,Senior,Backend Developer,7,PHP,55000,,,,,,25,0,English,,100-1000,Product,unlimited,Сommerce,
02.12.2019 11:27:04,32,Male,Frankfurt,Senior,DevOps,12,Not Relevant,160000,,,,,,,,Deutsch,,1000+,,,,
02.12.2019 11:27:41,27,Male,Berlin,Senior,Data Engineer,5,Python,75000,,,,,,30,0,English,New Yorker,1000+,Product,unlimited,Fashion,
02.12.2019 11:30:24,32,Male,Berlin,Senior,DevOps,13,Not Relevant,60000,6000,,60000,6000,,24,,English,,50-100,Product,unlimited,IoT,
02.12.2019 11:30:34,32,Male,Berlin,Senior,DevOps,7,AWS,72000,,,72000,,,24,3,English,Lieferando,1000+,Product,unlimited,Catering,
02.12.2019 11:31:32,38,Male,Berlin,Senior,Backend Developer,16,Ruby,80000,,,75000,,,24,20,English,Germany,up to 10,Product,unlimited,Finance / Insurance,
02.12.2019 11:31:55,,Male,Munich,,Data Scientist,7,Python,85000,7000,,85000,7000,,30,,English,,10-50,Consulting / Agency,unlimited,Сommerce,
02.12.2019 11:32:46,31,Male,Berlin,Senior,QA,9,Java,67000,4000,,,,,20,4,English,,100-1000,Product,unlimited,Automotive,
02.12.2019 11:32:52,31,Male,Berlin,Senior,Backend Developer,8,PHP,60000,,,60000,,,24,0,English,Auto1,100-1000,Product,unlimited,Сommerce,
02.12.2019 11:32:59,32,Male,Berlin,Senior,Software Architect,13,Java,78600,,,78600,,,30,,English,,100-1000,Product,unlimited,Marketing,
02.12.2019 11:36:20,44,Male,Berlin,Senior,Backend Developer,20,.NET,60000,5000,,60000,,,30,5,Deutsch,,50-100,Consulting / Agency,unlimited,,
02.12.2019 11:37:44,26,Male,Berlin,,Backend Developer,6,PHP,65000,,,,,,,,English,,,Startup,,Finance / Insurance,
02.12.2019 11:37:53,31,Male,Berlin,Senior,Backend Developer,7,PHP,60000,,,50000,,,26,20,English,,10-50,Product,unlimited,Сommerce,
02.12.2019 11:39:53,36,Male,Berlin,Senior,Backend Developer,11,PHP,65000,6500,10000,60000,,,28,,English,,1000+,Product,unlimited,Сommerce,
02.12.2019 11:41:59,33,Male,Berlin,Middle,Backend Developer,4,Java,58000,,,48000,,,29,4,Deutsch,,1000+,Product,unlimited,,
02.12.2019 11:44:10,37,Male,Berlin,Senior,Data Engineer,16,Scala,65000,,,,,,28,4,English,,1000+,Product,unlimited,Transport,
02.12.2019 11:45:24,29,Male,Berlin,Senior,Backend Developer,11,Javascript / Typescript,190000,,,97000,,,9,20,English,,up to 10,Startup,unlimited,,
02.12.2019 11:45:54,33,Male,Berlin,Senior,Backend Developer,9,Java,69000,,,69000,,,30,2,English,Signavio,100-1000,Product,unlimited,,
02.12.2019 11:46:17,35,Male,Frankfurt,Middle,Business Analyst,15,Not Relevant,72000,16000,3500,70000,10000,,28,4,English,,1000+,Product,unlimited,Finance / Insurance,
02.12.2019 11:46:58,35,Male,Cologne,Senior,Backend Developer,4,Java,67000,,,,,,30,4,English,,50-100,Startup,unlimited,,
02.12.2019 11:48:35,31,Male,Berlin,Senior,Backend Developer,10,Clojure,75000,,,70000,,,25,,English,,10-50,Product,unlimited,,
02.12.2019 11:49:02,35,Male,Berlin,Middle,Data Engineer,10,Java,70000,,10000,65000,,10000,30,20,English,,100-1000,Product,unlimited,Finance / Insurance,
02.12.2019 11:49:03,27,Male,Berlin,Senior,Backend Developer,10,PHP,60000,2000,,45000,,,25,5,English,,50-100,Startup,unlimited,Сommerce,
02.12.2019 11:50:47,38,Female,Berlin,Senior,Manager,10,Javascript / Typescript,85000,,,85000,,,26,10,English,OptioPay,10-50,Startup,unlimited,Finance / Insurance,
02.12.2019 11:51:31,31,Male,Berlin,Middle,Backend Developer,2,Java,62000,,,,,,30,0,English,Яфдфтвщ,1000+,Product,unlimited,Сommerce,
02.12.2019 11:51:56,29,Male,Düsseldorf,Senior,Backend Developer,9,Java,75000,,,,,,25,4,English,trivago,1000+,Product,unlimited,Tourism,
02.12.2019 11:52:36,30,Male,Wolfsburg,Senior,Backend Developer,4,Java,75000,,,,,,26,0,English,,50-100,Consulting / Agency,unlimited,Automotive,
02.12.2019 11:53:51,30,Male,Berlin,Middle,Backend Developer,3,Ruby,61000,,,48000,,,26,4,English,,100-1000,Startup,unlimited,Tourism,
02.12.2019 11:54:30,31,Male,Berlin,Senior,Fullstack Developer,12,Javascript / Typescript,80000,,,75000,,,30,4,English,,1000+,Product,unlimited,Finance / Insurance,
02.12.2019 11:57:08,33,Male,Cologne,Senior,Backend Developer,10,.NET,60000,2000,,,,,30,5,Deutsch,,10-50,Startup,unlimited,,
02.12.2019 12:01:48,31,Male,Munich,Senior,Frontend Developer,7,Javascript / Typescript,56600,4650,,56000,4600,,30,4,Deutsch,,1000+,Consulting / Agency,unlimited,Finance / Insurance,
02.12.2019 12:02:15,30,Male,Munich,Lead,Data Scientist,8,Python,81000,9000,,78000,7800,,25,,English,,10-50,Startup,unlimited,Сommerce,
02.12.2019 12:02:42,28,Male,Berlin,Senior,Data Scientist,4,Python,75000,,,66000,500,,28,1,English,Contorion,100-1000,Startup,unlimited,Сommerce,
02.12.2019 12:03:44,,Male,Berlin,Senior,Data Scientist,6,Python,80000,8000,25000,,,,24,,English,,1000+,Product,more than 1 year,Сommerce,
02.12.2019 12:05:28,27,Male,Munich,Senior,Mobile Developer,5,Kotlin,72000,,,66000,,,30,,English,Luxoft,100-1000,Consulting / Agency,unlimited,Transport,
02.12.2019 12:07:58,31,Female,MA,Senior,"Designer (UI, UX)",10,,61000,,,56000,,,30,6,Deutsch,,10-50,Product,unlimited,Health,
02.12.2019 12:08:04,28,Male,Berlin,Middle,Machine Learning Engineer,6,Python,61000,,,55000,,,28,,English,,100-1000,Startup,unlimited,Manufacture,
02.12.2019 12:08:31,36,Female,Munich,Senior,Backend Developer,13,Python,76000,8000,,76000,8000,,30,,English,,50-100,Startup,unlimited,,
02.12.2019 12:11:31,28,Male,Munich,Senior,Mobile Developer,8,Swift,75000,,1,,,,30,0,English,,10-50,Startup,unlimited,Сommerce,
02.12.2019 12:11:37,37,Male,Berlin,Senior,Localization,15,Not Relevant,60000,,,55000,,,25,,English,,1000+,Product,unlimited,Gaming,
02.12.2019 12:13:02,40,Male,Berlin,Senior,Manager,15,Not Relevant,70000,,,65000,,,30,,English,,100-1000,Product,unlimited,Finance / Insurance,
02.12.2019 12:14:19,34,Male,Berlin,Senior,Support,9,PHP,60000,,,53500,,,28,,English,,100-1000,Product,unlimited,Сommerce,
02.12.2019 12:16:09,,Male,Berlin,Senior,Backend Developer,12,Java,150000,16000,52500,,,,30,,English,,1000+,Product,unlimited,,
02.12.2019 12:18:34,27,Female,Berlin,Middle,Data Scientist,3,Python,66000,,,52000,,,27,2,English,,100-1000,Startup,unlimited,Gaming,
02.12.2019 12:23:45,30,Male,Munich,Senior,Mobile Developer,8,Swift,60000,1500,,,,,27,0,English,,1000+,Product,unlimited,Сommerce,
02.12.2019 12:24:08,32,Male,Berlin,Senior,Backend Developer,11,PHP,65000,,,60000,,,26,2,English,,50-100,Product,unlimited,Сommerce,
02.12.2019 12:24:55,23,Male,Berlin,Middle,Data Scientist,3,Python,50000,,,,,,28,,English,,50-100,Startup,unlimited,Finance / Insurance,
02.12.2019 12:27:11,35,Male,Munich,Senior,Embedded Developer,12,C/C++,78000,13000,1,60000,01,1,30,1,English,,100-1000,Consulting / Agency,unlimited,Transport,
02.12.2019 12:28:29,30,Male,Munich,Middle,DevOps,10,AWS,80000,200,2000,75000,200,2000,27,1,English,,50-100,Product,unlimited,IT,
02.12.2019 12:28:59,40,Male,Munich,Senior,Mobile Developer,12,Swift,113000,4700,,,,,30,0,English,Consumer Electronics,10-50,Product,unlimited,Manufacture,
02.12.2019 12:31:11,27,Male,Munich,Senior,Backend Developer,5,Java,70000,2000,2000,57000,2000,,30,,English,,100-1000,Consulting / Agency,more than 1 year,Сommerce,
02.12.2019 12:39:00,36,Male,Berlin,Senior,Backend Developer,14,Java,73000,,,68000,,,30,8,English,,100-1000,Product,unlimited,Advertising,
02.12.2019 12:39:31,36,Male,Berlin,Lead,Manager,15,PHP,80000,8000,50000,,,,30,5,English,,1000+,Product,unlimited,Сommerce,
02.12.2019 12:40:08,31,Male,Berlin,Senior,Fullstack Developer,9,Python,64000,,,,,,30,,English,,10-50,Startup,unlimited,Сommerce,
02.12.2019 12:42:34,26,Male,Munich,Middle,QA,3,Ruby,58000,,,,,,30,0,English,Payworks GmbH,50-100,Product,unlimited,Finance / Insurance,
02.12.2019 12:43:59,26,Male,Munich,Junior,Fullstack Developer,2,Java,60000,,,,500,,28,,English,,100-1000,Product,unlimited,Scientific Activities,
02.12.2019 12:45:44,32,Female,Berlin,Senior,Backend Developer,12,.NET,96000,,,85000,,,30,,English,,1000+,Product,1 year,Finance / Insurance,
02.12.2019 12:53:59,38,Male,Berlin,Senior,Backend Developer,18,Not Relevant,75000,,,80000,,,30,,English,,100-1000,Product,unlimited,,
02.12.2019 12:54:44,29,Male,Munich,Senior,Backend Developer,10,Ruby,55000,,,52000,,,26,,English,Riskmethods ,100-1000,Product,unlimited,,
02.12.2019 12:56:07,30,Male,Berlin,Lead,Data Scientist,6,Python,115000,23,50,107500,16,38,28,5,English,,1000+,Startup,unlimited,,
02.12.2019 12:59:36,26,Male,Munich,Middle,QA,6,Python,65000,6000,4000,55000,5000,3000,30,,English,,1000+,Product,unlimited,IT,
02.12.2019 13:02:11,30,Male,Munich,Middle,DevOps,10,AWS,80000,,,72000,,,30,,English,N/A,1000+,Product,unlimited,Transport,
02.12.2019 13:03:05,32,Male,Berlin,Middle,Mobile Developer,7,Swift,66000,,,,,,25,,English,,1000+,,unlimited,,
02.12.2019 13:03:53,35,Male,Munich,Senior,DevOps,16,Yaml,72000,10000,1,70000,10000,1,31,0,Deutsch,N/A,1000+,Consulting / Agency,unlimited,Сommerce,
02.12.2019 13:05:07,35,Male,Berlin,Senior,Frontend Developer,11,Javascript / Typescript,72000,,,,,,26,,English,WeQ,50-100,Product,unlimited,Сommerce,
02.12.2019 13:12:06,38,Male,Berlin,Middle,DevOps,7,AWS,67000,,,66000,,,28,3,English,AUTO1 Group GmbH,1000+,Startup,unlimited,Automotive,
02.12.2019 13:13:53,36,Male,Munich,Senior,Backend Developer,14,PHP,70000,,,65000,,,30,,Deutsch,FondsFinanz Gmbh,100-1000,Product,unlimited,Finance / Insurance,
02.12.2019 13:14:01,,Female,Munich,Middle,QA,5,Java,62000,,,52000,,,26,3,English,,1000+,Product,unlimited,Finance / Insurance,
02.12.2019 13:16:12,30,Male,Berlin,Senior,QA,9,Java,67500,,,67500,,,30,2,English,Fastlane,100-1000,Product,unlimited,Marketing,
02.12.2019 13:21:36,33,Male,Berlin,Senior,QA,8,Java,75000,,,65000,,,28,4,English,,100-1000,Startup,unlimited,Finance / Insurance,
02.12.2019 13:23:36,31,Male,Frankfurt,Middle,System Administrator,10,"Linux-Stack, Networking",56300,10500,,55000,5500,,30,10,English+Deutsch,Government agency,10-50,Consulting / Agency,unlimited,Finance / Insurance,
02.12.2019 13:27:02,37,Male,Berlin,Lead,Backend Developer,12,Java,89570,,20240,82160,,18240,30,4,English,Zalando,1000+,Product,unlimited,Fashion,
02.12.2019 13:30:29,,Female,Berlin,Middle,Product Manager,3,,60000,,,,,,26,,English,,50-100,Startup,,,
02.12.2019 13:33:23,27,Male,Berlin,Middle,Manager,2,,52000,,,36000,,,27,2,English,,100-1000,Product,unlimited,Education,
02.12.2019 13:33:33,36,Male,Berlin,Middle,Support,19,Azure,36000,,,,,,24,0,English,,100-1000,Startup,1 year,SEO,
02.12.2019 13:34:49,39,Female,Hamburg,Middle,Backend Developer,2,Ruby,55000,,,43000,,,28,,Deutsch,Sum.cumo,100-1000,Product,unlimited,Finance / Insurance,
02.12.2019 13:37:05,36,Male,Berlin,Senior,Manager,14,Python,95000,,,92000,,,30,20,English,,10-50,,unlimited,Сommerce,
02.12.2019 13:37:07,33,Male,Berlin,Senior,Backend Developer,10,.NET,60000,,,55000,,,25,7,English,,10-50,Product,unlimited,Сommerce,
02.12.2019 13:41:41,30,Male,Berlin,Middle,Frontend Developer,7,Javascript / Typescript,56500,,,55000,,,28,,English,,100-1000,Product,unlimited,,
02.12.2019 13:46:31,32,Male,Berlin,Senior,Backend Developer,12,PHP,68000,,,60000,,,28,20,English,,50-100,Product,unlimited,Сommerce,
02.12.2019 13:50:08,,Male,Berlin,Middle,Backend Developer,3,Elixir,74000,,,,73000,,30,4,English,,10-50,Consulting / Agency,unlimited,Сonstruction,
02.12.2019 13:50:39,43,Male,Berlin,Senior,QA,8,Not Relevant,80000,,,,,,,,English,,10-50,Startup,unlimited,Education,
02.12.2019 13:51:12,29,Male,Berlin,Senior,Backend Developer,7,PHP,69000,,,63000,,,30,,English,Auto1,1000+,Product,unlimited,Transport,
02.12.2019 13:51:36,,Male,Hamburg,Senior,SAP Consultant,20,Not Relevant,80000,,,,,,30,8,Deutsch,,1000+,Consulting / Agency,more than 1 year,,
02.12.2019 13:52:27,29,Male,Berlin,,QA,9,Python,66000,,,55000,,,24,4,English,,50-100,Startup,unlimited,,
02.12.2019 13:53:04,,Male,Munich,Middle,Backend Developer,6,Java,61000,,,,,,26,3,English,Check24,100-1000,Product,unlimited,Finance / Insurance,
02.12.2019 13:56:29,40,Male,Berlin,Senior,SRE,20,Multiple,70000,,,,,,20,4,English,LiveIntent,100-1000,Product,unlimited,Advertising,
02.12.2019 13:59:02,33,Male,Leipzig,Senior,Mobile Developer,13,Kotlin,56000,2000,,52000,,,23,,English,,100-1000,Consulting / Agency,unlimited,IT,
02.12.2019 14:04:57,,Male,Berlin,Senior,Mobile Developer,7,Kotlin,68000,,,60000,,,30,2,English,,1000+,Product,unlimited,Сommerce,
02.12.2019 14:11:51,37,Male,Berlin,Senior,Manager,14,Objective-C,80000,3800,,78000,2000,,28,20,Russian,,100-1000,Product,unlimited,Сommerce,
02.12.2019 14:16:47,36,Male,Berlin,Senior,Software Engineer,11,Python,67000,,,64000,,,28,10,Deutsch,,100-1000,Consulting / Agency,unlimited,IT,
02.12.2019 14:21:39,39,Male,Berlin,Senior,Backend Developer,16,Java,82000,,,63600,,,26,4,English,,100-1000,Startup,unlimited,Transport,
02.12.2019 14:23:35,27,Female,Berlin,Middle,Data Scientist,2,Python,58500,3000,,55000,3000,,24,0,English,,50-100,Startup,unlimited,Сommerce,
02.12.2019 14:25:37,46,Male,Berlin,Middle,System Administrator,7,"Microsoft, Vmware",45000,,,,43500,,25,0,Deutsch,Architektur Buro,50-100,Consulting / Agency,unlimited,Design,
02.12.2019 14:27:33,46,Male,Berlin,Junior,DevOps,0,Kubernetes,55000,,,,,,25,,Deutsch,,50-100,Product,unlimited,Finance / Insurance,
02.12.2019 14:29:11,31,Male,Berlin,Head,"CTO (CEO, CFO)",12,Java,210000,,1000,,,,32,5,English,,1000+,Product,unlimited,Сommerce,
02.12.2019 14:34:27,47,Male,Berlin,Senior,Embedded Developer,20,C/C++,65000,,,65000,,,30,4,English,,1000+,Bodyshop / Outsource,unlimited,Manufacture,
02.12.2019 14:35:46,40,Male,Berlin,Senior,Software Architect,18,Not Relevant,94000,,7500,86900,,,30,,English,,1000+,Product,unlimited,Сommerce,
02.12.2019 14:35:55,37,Male,Berlin,Senior,Frontend Developer,10,Javascript / Typescript,66000,2500,,65000,1500,,29,2,English,,100-1000,Product,unlimited,Сommerce,
02.12.2019 14:40:45,36,Male,Berlin,Middle,DevOps,10,AWS,65000,,,,,,28,5,English,,50-100,Product,unlimited,Сommerce,
02.12.2019 14:41:29,44,Male,Berlin,Senior,Data Engineer,25,Python,70000,12000,,70000,12000,,30,6,English,,100-1000,Product,unlimited,Transport,
02.12.2019 14:41:59,37,Female,Berlin,Middle,Backend Developer,10,C/C++,57000,,,,,,26,0,English,,100-1000,Product,unlimited,Сommerce,
02.12.2019 14:43:33,30,Female,Berlin,Middle,Backend Developer,4,Python,54000,,,47250,,,30,4,English,,50-100,Product,unlimited,,
02.12.2019 14:44:36,33,Male,Berlin,Senior,QA,8,Javascript / Typescript,63000,,,57000,,,30,5,English,,1000+,Product,unlimited,Manufacture,
02.12.2019 14:46:50,35,Male,Munich,Principal,Software Architect,15,Google Cloud,120000,80000,,90000,10000,,30,7,Deutsch,,100-1000,Consulting / Agency,unlimited,Finance / Insurance,
02.12.2019 14:47:18,25,Male,Berlin,Middle,Business Analyst,4,Python,60000,,,,60000,,25,4,English,Test,100-1000,Product,unlimited,Finance / Insurance,
02.12.2019 14:55:58,25,Male,Munich,Senior,Frontend Developer,4,Javascript / Typescript,74000,11000,,57000,,,30,10,English,,1000+,Product,more than 1 year,,
02.12.2019 15:08:55,32,Male,Berlin,Senior,Backend Developer,11,Python,70000,,,60000,,,27,,English,,1000+,Product,unlimited,,
02.12.2019 15:10:43,32,Male,Munich,Senior,DevOps,14,Google Cloud,92000,10000,6000,78000,6000,0,30,20,English,,1000+,Product,unlimited,Finance / Insurance,
02.12.2019 15:11:20,42,Male,Munich,Senior,Software Architect,20,Not Relevant,106000,9000,,102000,8500,,30,4,Deutsch,,100-1000,Product,unlimited,Transport,
02.12.2019 15:12:44,42,Female,Munich,Senior,Business Analyst,15,Not Relevant,71000,5000,,69000,1500,,31,20,Deutsch,,1000+,Bodyshop / Outsource,unlimited,Software Development,
02.12.2019 15:12:51,34,Female,Berlin,Senior,"Designer (UI, UX)",8,Not Relevant,52000,5200,30,,,,25,,English,,,Startup,unlimited,Сommerce,
02.12.2019 15:14:20,30,Male,Berlin,Middle,Backend Developer,10,Kotlin,70000,3000,,59000,,,28,8,English,,100-1000,Product,unlimited,Сommerce,
02.12.2019 15:15:03,45,Female,Munich,Junior,Frontend Developer,2,Java,36000,0,1,32000,1,1,27,0,Deutsch,,10-50,Consulting / Agency,unlimited,Justice,
02.12.2019 15:17:44,35,Male,Frankfurt,Middle,QA,9,Not Relevant,60500,,,,,,30,,English,Da Vinchi Engineering,100-1000,Bodyshop / Outsource,unlimited,Manufacture,
02.12.2019 15:18:34,42,Male,Munich,Middle,Fullstack Developer,16,Java,64000,,,,,,31,4,Deutsch,,50-100,Consulting / Agency,unlimited,Logistics,
02.12.2019 15:18:41,40,Male,Berlin,Senior,Backend Developer,18,Python,88000,8000,5000,85000,,,28,,English,,1000+,Product,unlimited,Сommerce,
02.12.2019 15:19:47,34,Male,Munich,Senior,QA,12,,64000,5000,,62000,5000,,30,4,Deutsch,,1000+,Product,unlimited,Entertainment,
02.12.2019 15:20:58,30,Female,Munich,Senior,QA,6,Java,56000,,,53000,,,28,5,Deutsch,,50-100,Consulting / Agency,unlimited,Automotive,
02.12.2019 15:22:56,,Male,Berlin,Middle,Backend Developer,13,Javascript / Typescript,73500,,,73500,,,30,4,English,Technology/Infrastructure,1000+,Product,unlimited,IT,
02.12.2019 15:24:45,32,Female,Berlin,Middle,Frontend Developer,12,Javascript / Typescript,59500,4000,,56000,,,30,10,English,,1000+,Product,unlimited,Software Development,
02.12.2019 15:24:46,31,Male,Berlin,Senior,Fullstack Developer,10,Java,65000,,,60000,,,24,4,English,,up to 10,Startup,unlimited,,
02.12.2019 15:25:09,30,Male,Berlin,Senior,Data Engineer,8,Python,81000,,,72000,,,25,4,English,,100-1000,Product,unlimited,Logistics,
02.12.2019 15:26:28,45,Male,Munich,Senior,QA,12,Java,70000,9000,,66000,10500,,30,7,Deutsch,,100-1000,Product,unlimited,Сommerce,
02.12.2019 15:28:04,33,Male,Munich,Senior,Backend Developer,7,PHP,65000,,,57200,,,28,,English,,50-100,Product,unlimited,Finance / Insurance,
02.12.2019 15:29:03,38,Male,Berlin,Senior,Backend Developer,6,Java,66000,,,,,,25,1,English,Takeaway.com,1000+,Product,more than 1 year,Сommerce,
02.12.2019 15:33:10,29,Male,Munich,Senior,QA,6,Javascript / Typescript,60000,0,,,,,28,,English,,100-1000,Product,unlimited,Сommerce,
02.12.2019 15:33:43,33,Male,Berlin,Senior,Embedded Developer,9,C/C++,74000,11000,400,61200,6000,0,30,5,English,,100-1000,Product,unlimited,Automotive,
02.12.2019 15:34:33,34,Male,Munich,Senior,Backend Developer,10,PHP,120000,0,0.01,90000,,0.01,20,20,English,,up to 10,Consulting / Agency,1 year,,
02.12.2019 15:40:21,33,Male,Berlin,Senior,Software Architect,12,Go,120000,12000,25000,95000,10000,15000,30,20,English,,100-1000,Product,unlimited,Transport,
02.12.2019 15:44:50,36,Male,Berlin,Senior,Fullstack Developer,15,Javascript / Typescript,70000,,,58000,,,25,,English,,100-1000,Product,unlimited,Finance / Insurance,
02.12.2019 15:43:54,31,Female,Munich,Junior,Fullstack Developer,4,Java,57000,3060,,47000,5000,,28,1,Deutsch,,100-1000,Product,unlimited,Finance / Insurance,
02.12.2019 15:44:10,38,Male,Berlin,Senior,Manager,9,Not Relevant,120000,,50000,90000,10000,,25,7,English,,1000+,Product,unlimited,Сommerce,
02.12.2019 15:44:44,24,Female,Munich,Junior,Backend Developer,1,C/C++,72000,11000,16000,,,,30,20,English,Google,1000+,Product,unlimited,Software Development,
02.12.2019 15:45:22,40,Male,Frankfurt,Senior,SAP Consultant,14,Not Relevant,175000,,,160000,,,15,4,English,,1000+,Product,6 months,Health,
02.12.2019 15:49:42,37,Male,Munich,Senior,Fullstack Developer,11,PHP,67000,1500,,66000,,,5,8,Deutsch,,100-1000,Product,more than 1 year,Telecom,
02.12.2019 15:49:47,25,Male,Frankfurt,Senior,Backend Developer,6,Java,65000,0,1,,,,30,,English,,100-1000,Product,unlimited,Finance / Insurance,
02.12.2019 15:50:29,33,Male,Berlin,Senior,Mobile Developer,10,Kotlin,80000,0,,72000,,,28,5,English,,1000+,Product,unlimited,Media,
02.12.2019 15:50:47,32,Female,Nuremberg,Senior,QA,8,Java,50000,,,44000,,,26,8,English,,100-1000,Product,unlimited,Сommerce,
02.12.2019 15:54:07,43,Male,Frankfurt,Senior,Backend Developer,10,SAP / ABAP,85000,,,,,,30,1,Deutsch,,1000+,Product,unlimited,Manufacture,
02.12.2019 15:56:45,34,Male,Cologne,Middle,QA,10,Java,61800,,,60000,5000,,25,5,Deutsch,,up to 10,Consulting / Agency,unlimited,IT,
02.12.2019 15:57:09,28,Male,Berlin,Senior,Backend Developer,7,Java,70000,5000,,65000,,,25,,English,,50-100,Startup,unlimited,Catering,
02.12.2019 15:58:52,32,Male,Munich,Senior,DevOps,9,AWS,90000,9000,,,,,30,20,English,,1000+,Product,unlimited,Software Development,
02.12.2019 15:59:24,29,Male,Krakow,Senior,QA,7,Java,45000,,,33000,,,26,4,English,Grand Parade,100-1000,Product,unlimited,Gambling,
02.12.2019 16:03:59,25,Female,Munich,Junior,Frontend Developer,2,Javascript / Typescript,42000,,,,,,30,,Deutsch,,50-100,Consulting / Agency,unlimited,Media,
02.12.2019 16:04:46,26,Male,Munich,Middle,Backend Developer,5,Java,59000,3000,,55000,3000,,27,,English,check24,,Product,unlimited,Finance / Insurance,
02.12.2019 16:05:00,44,Male,Munich,Middle,Frontend Developer,5,Javascript / Typescript,60000,2000,,52000,2000,,27,0,Deutsch,,100-1000,Product,unlimited,Finance / Insurance,
02.12.2019 16:05:20,29,Male,Berlin,,DevOps,10,,70000,,,,,,25,,English,,100-1000,Startup,unlimited,,
02.12.2019 16:06:43,28,Male,Berlin,Senior,Backend Developer,7,Java,65000,5000,,60000,,,25,,English,,50-100,Startup,unlimited,Catering,
02.12.2019 16:08:28,45,Female,Frankfurt,Middle,Database Developer (DBA),2,SQL,62000,2000,,59000,,,30,4,Deutsch,,50-100,Product,more than 1 year,Finance / Insurance,
02.12.2019 16:11:06,39,Male,Munich,Senior,Desktop/Unity3D Developer,15,.NET,49375,7900,,46250,7400,,30,5,Deutsch,CAXperts,10-50,Product,unlimited,Сonstruction,
02.12.2019 16:18:06,36,Male,Berlin,Senior,Manager,13,Java,80000,,,70000,,,30,0,English,,1000+,Product,unlimited,Сommerce,
02.12.2019 16:20:54,32,Male,Berlin,Middle,Mobile Developer,5,Swift,60000,6000,,56400,,,28,4,English,,100-1000,Product,unlimited,Сommerce,
02.12.2019 16:22:39,38,Male,Munich,Senior,Software Architect,17,C/C++,120000,25000,30000,117000,20000,12000,28,0,English,,1000+,Product,unlimited,Software Development,
02.12.2019 16:23:24,42,Female,Munich,Middle,Product Manager,10,Not Relevant,68700,4000,,,,,30,10,English,,50-100,Product,unlimited,Finance / Insurance,
02.12.2019 16:23:37,,Male,Prague,Senior,DevOps,11,Python,33200,,,,,,25,5,English,Oracle,1000+,Product,unlimited,,
02.12.2019 16:25:53,32,Male,Munich,Middle,Backend Developer,8,Java,68000,,,66000,,,30,,English,,1000+,Product,unlimited,Media,
02.12.2019 16:35:02,33,Male,Munich,Senior,Fullstack Developer,8,.NET,63000,,,62000,,,30,8,English,,100-1000,Product,unlimited,Transport,
02.12.2019 16:37:57,34,Male,Cologne,Senior,Manager,15,Not Relevant,60000,10000,,48000,500,,28,5,English,,1000+,Consulting / Agency,unlimited,IT,
02.12.2019 16:38:25,35,Male,Munich,Senior,Software Architect,15,AWS,120000,55000,,,,,,,Russian,,1000+,Product,unlimited,,
02.12.2019 16:38:56,35,Male,Frankfurt,Senior,Backend Developer,16,PHP,55000,0,,55000,,,24,,English,,50-100,Product,unlimited,Finance / Insurance,
02.12.2019 16:39:11,24,Male,Frankfurt,Junior,DevOps,1,AWS,45000,,,40000,,,28,10,Deutsch,,50-100,Consulting / Agency,unlimited,Сommerce,
02.12.2019 16:40:52,48,Female,Munich,Senior,Manager,11,Not Relevant,75000,,,,,,27,5,English,,100-1000,Product,unlimited,Tourism,
02.12.2019 16:41:25,31,Male,Wroclaw,Senior,Backend Developer,10,Ruby,45000,2500,,,,,28,20,English,,50-100,Consulting / Agency,more than 1 year,,
02.12.2019 16:43:19,40,Female,Munich,Senior,SAP Consultant,9,Not Relevant,89000,,,87000,,,30,6,English,Avnet,1000+,Product,unlimited,Manufacture,
02.12.2019 16:45:22,29,Male,Cologne,Senior,Fullstack Developer,4,.NET,65000,0,,45000,,,30,1,Deutsch,,1000+,Product,unlimited,Manufacture,
02.12.2019 16:47:18,38,Male,Munich,Lead,Fullstack Developer,17,Javascript / Typescript,114000,0,,,,,24,20,English,,100-1000,Product,unlimited,,
02.12.2019 16:47:47,36,Male,Stuttgart,Senior,Mobile Developer,16,Javascript / Typescript,60000,4800,,60000,,,30,2,English,internetstores GmbH,100-1000,Product,unlimited,Сommerce,
02.12.2019 16:52:20,,Male,Munich,,Manager,10,Not Relevant,85000,25000,,82500,25000,,30,,Deutsch,,1000+,Product,unlimited,,
02.12.2019 16:53:56,34,Male,Munich,Junior,Backend Developer,3,Java,46000,2000,,,,,,,Deutsch,,100-1000,Product,unlimited,,
02.12.2019 17:27:05,32,Male,Berlin,Senior,Backend Developer,12,Ruby,65000,,,55000,,,28,0,Russian,,100-1000,Product,unlimited,Finance / Insurance,
02.12.2019 17:30:59,29,Male,Munich,Lead,DevOps,10,AWS,85000,15000,10,75000,,,28,,English,,1000+,Product,unlimited,,
02.12.2019 17:32:16,47,Male,London,Middle,Data Engineer,22,Google Cloud,100000,0,1,100000,1,0,14,4,English,,100-1000,Product,6 months,Publishing,
02.12.2019 17:32:27,36,Male,Munich,Middle,Backend Developer,10,PHP,75000,,,,,,30,0,English,,50-100,Product,unlimited,,
02.12.2019 17:35:43,32,Female,Frankfurt,Senior,Recruiter ,10,Not Relevant,56000,80000,,36000,50000,,24,4,English,,100-1000,Consulting / Agency,unlimited,Software Development,
02.12.2019 17:36:37,34,Male,Karlsruhe,Senior,Fullstack Developer,12,Javascript / Typescript,75000,,,66000,4000,,27,4,English,,100-1000,Product,unlimited,Finance / Insurance,
02.12.2019 17:40:40,29,Female,Munich,Middle,Data Scientist,4,R,62000,5000,,60000,5000,,30,4,Deutsch,,100-1000,Product,unlimited,Сommerce,
02.12.2019 17:41:24,31,Male,Munich,Senior,Backend Developer,9,Java,75000,,,75000,,,28,,English,,10-50,Startup,unlimited,,
02.12.2019 17:41:30,41,Female,Munich,Middle,QA,9,Java,46000,1,,39000,1,,28,8,Deutsch,assyst,50-100,Product,unlimited,Manufacture,
02.12.2019 17:44:10,35,Male,Munich,Senior,Software Architect,6,.NET,79000,6000,,,,,30,3,Deutsch,Mse,100-1000,Consulting / Agency,unlimited,Manufacture,
02.12.2019 17:47:50,37,Male,Munich,Senior,Backend Developer,14,C/C++,72000,3000,,,,,27,2,English,,100-1000,Product,unlimited,Finance / Insurance,
02.12.2019 17:50:19,39,Female,Munich,Middle,Backend Developer,17,Java,58000,2000,,55000,2000,0,30,9,Deutsch,,1000+,Product,unlimited,Finance / Insurance,
02.12.2019 17:50:36,,Male,Munich,Senior,Frontend Developer,7,Javascript / Typescript,65000,,,,,,,4,Deutsch,,50-100,Product,unlimited,,
02.12.2019 17:52:59,25,Female,Munich,Middle,Fullstack Developer,5,.NET,66000,,,,59000,,26,,Deutsch,Medialesson,10-50,Consulting / Agency,unlimited,,
02.12.2019 18:03:30,29,Male,Munich,Middle,Fullstack Developer,8,Java,80000,10000,5000,70000,1,1,28,8,English,Amazin,1000+,Product,unlimited,Сommerce,
02.12.2019 18:09:50,,Male,Munich,Middle,Frontend Developer,3,Javascript / Typescript,55000,,,,,,,0,English,,1000+,Product,unlimited,Finance / Insurance,
02.12.2019 18:14:18,28,Male,Munich,Senior,Data Scientist,4,Not Relevant,59000,5000,,54000,4000,,30,2,English,,1000+,Product,unlimited,Tourism,
02.12.2019 18:27:45,47,Male,Munich,Senior,Backend Developer,25,.NET,87600,,,,,,,,Deutsch,,up to 10,Product,unlimited,,
02.12.2019 18:28:37,31,Male,Berlin,Senior,Frontend Developer,10,Javascript / Typescript,67000,0,,53000,,0,24,4,English,,1000+,Product,unlimited,Сommerce,
02.12.2019 18:36:23,40,Male,Munich,Middle,Product Manager,15,Not Relevant,73000,2000,,70000,,,30,,English,,1000+,Product,unlimited,Tourism,
02.12.2019 18:48:21,32,Male,Munich,Lead,Backend Developer,14,PHP,80000,8000,,70000,,,30,4,Deutsch,Burda,1000+,Product,unlimited,,
02.12.2019 18:51:02,34,Male,Berlin,Senior,Backend Developer,10,C/C++,90000,,,75000,,,30,10,English,,100-1000,Product,unlimited,,
02.12.2019 18:55:15,34,Male,Berlin,Senior,Frontend Developer,10,Javascript / Typescript,68000,6800,,65000,,0,26,,English,,100-1000,Product,unlimited,Сommerce,
02.12.2019 19:00:08,33,Male,Munich,Senior,Fullstack Developer,15,PHP,120000,0,,114000,,,25,,English,,100-1000,Product,unlimited,Finance / Insurance,
02.12.2019 19:03:22,31,Male,Frankfurt,Middle,System Administrator,10,Python,65000,5000,,65000,5000,,25,,English,360T,100-1000,Product,more than 1 year,Finance / Insurance,
02.12.2019 19:10:14,37,Male,Munich,Middle,Business Analyst,15,Not Relevant,87000,5000,800,84000,5000,800,30,5,English,,1000+,,unlimited,Manufacture,
02.12.2019 19:10:32,33,Male,Munich,Senior,QA,5,Kotlin,70000,5000,360,60000,,0,30,4,English,,1000+,Product,unlimited,Media,
02.12.2019 19:21:45,34,Female,Berlin,Senior,QA,12,.NET,74000,0,1,62000,,,30,0,Deutsch,,1000+,Product,unlimited,Health,
02.12.2019 19:34:30,32,Male,Munich,Senior,Mobile Developer,14,Swift,90000,,,90000,,,29,,English,,,Product,unlimited,Сommerce,
02.12.2019 19:36:49,38,Male,Berlin,Senior,Backend Developer,13,Java,77400,7800,,76800,8131,,30,4,Deutsch,,100-1000,Product,unlimited,Finance / Insurance,
02.12.2019 19:47:13,32,Male,Berlin,Senior,QA,13,Java,65000,0,,,,,24,,English,HelloFresh,100-1000,Product,unlimited,Catering,
02.12.2019 19:48:29,27,Male,Berlin,Senior,QA,7,Java,63000,6300,,,,,30,,English,,50-100,Startup,unlimited,Сommerce,
02.12.2019 19:49:12,54,Male,Ingolstadt,Senior,Data Scientist,8,R,78000,,,,,,30,4,Deutsch,C,1000+,Product,more than 1 year,Transport,
02.12.2019 19:49:52,35,Male,Düsseldorf,Middle,Backend Developer,6,.NET,55000,,,,,,30,20,English,,10-50,Bodyshop / Outsource,unlimited,Software Development,
02.12.2019 19:51:08,31,Male,Stuttgart,Middle,Mobile Developer,6,Javascript / Typescript,50000,1000,,,,,30,3,Deutsch,EnBw,1000+,Product,unlimited,Scientific Activities,
02.12.2019 19:59:09,42,Male,Berlin,Senior,"CTO (CEO, CFO)",20,Not Relevant,120000,0,10000,76000,1,0,24,0,English,,100-1000,Startup,unlimited,,
02.12.2019 19:59:25,25,Female,Munich,Junior,Manager,1,,43200,10100,,,,,26,,Deutsch,,1000+,Consulting / Agency,unlimited,Logistics,
02.12.2019 20:02:05,,Male,Hamburg,Senior,DevOps,15,Not Relevant,78000,0,1,,,,30,,English,,50-100,,unlimited,,
02.12.2019 20:04:31,38,Male,Munich,Senior,Manager,12,Not Relevant,96000,0,,96000,,,30,10,English,Allianz Technology,1000+,Consulting / Agency,unlimited,Finance / Insurance,
02.12.2019 20:09:51,34,Male,Munich,Senior,Manager,16,PHP,85000,,,,,,28,20,English,,1000+,Product,unlimited,Сommerce,
02.12.2019 20:23:58,40,Male,Frankfurt,Senior,Software Architect,20,Java,95000,15000,,85000,2000,,30,10,English,СПШ,1000+,Bodyshop / Outsource,unlimited,Finance / Insurance,
02.12.2019 20:28:45,30,Male,Munich,Senior,Frontend Developer,9,Javascript / Typescript,75000,0,,,,,27,0,Russian,,10-50,Product,unlimited,,
02.12.2019 20:29:23,30,Male,Munich,Middle,Machine Learning Engineer,2,Python,62000,,,52000,,,30,5,English,,up to 10,Startup,unlimited,Transport,
02.12.2019 20:32:32,25,Male,Munich,Junior,Frontend Developer,1,Javascript / Typescript,70000,5000,,,,,20,,English,,100-1000,Startup,more than 1 year,Сommerce,
02.12.2019 20:32:40,25,Male,Munich,Junior,Frontend Developer,1,Javascript / Typescript,70000,5000,,,,,20,,English,,100-1000,Startup,more than 1 year,Сommerce,
02.12.2019 20:34:52,25,Female,Munich,Middle,Researcher,5,C/C++,57000,,,,,,28,4,English,Altran,1000+,Consulting / Agency,unlimited,Transport,
02.12.2019 20:43:20,31,Male,Munich,Senior,Mobile Developer,8,Swift,65000,,5,,,,24,5,English,Kaia health ,50-100,Startup,unlimited,Health,
02.12.2019 20:53:04,32,Male,Frankfurt,Middle,Mobile Developer,4,Kotlin,50000,,,,,,,,English,,10-50,Product,unlimited,,
02.12.2019 20:56:53,25,Male,Munich,Senior,Frontend Developer,5,Javascript / Typescript,80000,8000,,62000,,,30,10,English,,100-1000,Product,unlimited,Media,
02.12.2019 20:58:49,32,Female,Munich,Middle,Fullstack Developer,10,Java,47500,,,47500,,,25,,English,Specific group,10-50,Bodyshop / Outsource,unlimited,Finance / Insurance,
02.12.2019 21:02:20,31,Male,Munich,Lead,Fullstack Developer,10,Javascript / Typescript,72000,7000,,66000,6000,,28,,English,CHECK24,1000+,Product,unlimited,Finance / Insurance,
02.12.2019 21:04:05,32,Male,Munich,Middle,Backend Developer,12,Java,64000,0,,61000,,,24,,English,,100-1000,Startup,1 year,Finance / Insurance,
02.12.2019 21:06:41,44,Male,Munich,Senior,Manager,22,Not Relevant,107000,37000,,146000,35,,30,,Deutsch,,1000+,Product,unlimited,Сommerce,
02.12.2019 21:06:55,36,Male,Munich,Senior,Backend Developer,13,PHP,60000,5000,,55000,6000,,28,4,English,,50-100,Product,unlimited,Tourism,
02.12.2019 21:08:12,38,Female,Frankfurt,Junior,Frontend Developer,1,Javascript / Typescript,36000,,,,,,30,5,Deutsch,,100-1000,Consulting / Agency,unlimited,,
02.12.2019 21:11:52,,Male,Munich,Senior,,7,,63500,7000,1,,,,,,English,,1000+,Product,unlimited,,
02.12.2019 21:18:00,32,Male,Munich,Senior,Backend Developer,5,PHP,65000,,,65000,,,30,5,English,Sixt,1000+,Product,unlimited,Transport,
02.12.2019 21:18:55,32,Male,Munich,Lead,Fullstack Developer,14,Scala,98000,,,90000,,,30,,English,,100-1000,Product,unlimited,Transport,
02.12.2019 21:22:39,27,Male,Munich,Middle,Backend Developer,7,PHP,66000,,,66000,,,28,,Deutsch,,100-1000,Product,unlimited,Manufacture,
02.12.2019 21:45:06,27,Female,Nuremberg,Middle,Business Analyst,5,,42000,,,,,,25,1,English,,1000+,Product,unlimited,Software Development,
02.12.2019 21:45:10,,Male,Munich,Senior,QA,11,Not Relevant,69000,,4000,67000,,,30,2,Deutsch,,100-1000,Product,unlimited,,
02.12.2019 21:50:35,29,Male,Berlin,Senior,Backend Developer,7,Python,78000,,,73000,,,28,20,English,,100-1000,Product,unlimited,Сommerce,
02.12.2019 21:52:49,26,Female,Frankfurt,Middle,Manager,2,Not Relevant,45000,0,,43000,,,30,,Deutsch,LogPay Transport Services GmbH,50-100,Product,unlimited,Finance / Insurance,
02.12.2019 21:56:34,,Female,Munich,Junior,Data Scientist,0,Python,59000,,,,,,26,0,Deutsch,,50-100,Product,unlimited,IT,
02.12.2019 22:00:44,35,Male,Munich,Senior,Mobile Developer,7,Kotlin,77500,,,70000,,,29,6,English,,100-1000,Product,unlimited,Health,
02.12.2019 22:29:47,26,Male,Berlin,Senior,Data Scientist,5,Python,80000,,,,,,,,English,,10-50,Startup,unlimited,HR,
02.12.2019 22:34:04,25,Male,Munich,Middle,Mobile Developer,4,Swift,60000,0,,60000,,,30,3,English,,100-1000,Product,unlimited,IoT,
02.12.2019 22:38:20,,Male,Cologne,Senior,Software Engineer,13,C/C++,70000,,,,,,35,0,English,,50-100,Product,unlimited,Manufacture,
02.12.2019 22:51:27,28,Female,Berlin,Junior,Data Scientist,1,Python,55000,5000,,,,,28,4,English,,100-1000,Product,unlimited,Finance / Insurance,
02.12.2019 22:58:19,36,Male,Berlin,Senior,Frontend Developer,11,Clojure,85000,,,,,,28,20,English,,10-50,Startup,unlimited,Design,
02.12.2019 23:11:17,24,Male,Berlin,Middle,Machine Learning Engineer,3,Python,75000,,,,,,,,English,,10-50,Startup,unlimited,Customer Support,
02.12.2019 23:39:58,34,Male,Frankfurt,Senior,Software Architect,10,Python,100000,25000,,76000,10000,0,30,20,English,,1000+,Product,unlimited,Software Development,
02.12.2019 23:52:18,34,Male,Munich,Senior,Backend Developer,11,Javascript / Typescript,92000,,,,,,30,15,English,,50-100,Product,unlimited,Health,
02.12.2019 23:52:23,34,Male,Munich,Senior,Backend Developer,11,Javascript / Typescript,92000,,,,,,30,15,English,,50-100,Product,unlimited,Health,
02.12.2019 23:59:24,36,Male,Berlin,Senior,Backend Developer,10,Java,78000,,,78000,,,28,4,English,Zalando,1000+,Product,unlimited,Сommerce,
03.12.2019 00:11:38,33,Male,Hamburg,Middle,Software Engineer,13,C/C++,55000,,,,,,29,,English,actian,,Product,unlimited,Software Development,
03.12.2019 00:45:57,29,Female,Berlin,Middle,Machine Learning Engineer,3,Python,46000,,,,,,30,2,English,,10-50,Startup,unlimited,Health,
03.12.2019 00:49:41,31,Male,Munich,Senior,Fullstack Developer,8,Java,68000,3000,,,,,26,2,English,,10-50,Product,unlimited,Finance / Insurance,
03.12.2019 06:24:28,30,Male,Berlin,Senior,Backend Developer,12,Python,70000,,,,,,,,English,,10-50,Startup,unlimited,IT,
03.12.2019 08:08:18,33,Male,Munich,Senior,Embedded Developer,11,C/C++,78000,,,72000,,,25,,Russian,,up to 10,Bodyshop / Outsource,unlimited,Automotive,
03.12.2019 08:27:19,29,Female,Munich,Middle,Mobile Developer,8,Swift,65000,5000,,50000,,,30,4,English,,1000+,Product,unlimited,Media,
03.12.2019 08:33:42,32,Female,Riga,Junior,Backend Developer,1,AWS,13200,0,,,,,20,4,English,,50-100,Consulting / Agency,unlimited,Сonstruction,
03.12.2019 08:41:13,29,Male,Munich,Senior,Backend Developer,9,.NET,60000,,,,,,30,4,English,,up to 10,Product,unlimited,,
03.12.2019 08:41:32,33,Male,Munich,Senior,Cloud Platform Engineer,10,Google Cloud,80000,25000,3000,,,,30,15,English,SAP,1000+,Product,unlimited,Software Development,
03.12.2019 08:53:40,,Male,Munich,Senior,Mobile Developer,5,Kotlin,70000,1000,,,,,28,3,English,,up to 10,Consulting / Agency,unlimited,Finance / Insurance,
03.12.2019 08:53:50,29,Male,Berlin,Senior,Fullstack Developer,10,PHP,70000,,,60000,,,28,,English,Global fashion group ,1000+,Product,unlimited,Сommerce,
03.12.2019 08:58:34,43,Male,Berlin,Senior,Data Engineer,10,SQL,60000,,,60000,,,,20,Russian,,up to 10,Startup,unlimited,Сommerce,
03.12.2019 09:03:46,,Female,Bern,Middle,QA,5,Not Relevant,120000,0,,105000,,,25,4,Deutsch,,1000+,Product,unlimited,Transport,
03.12.2019 09:06:49,36,Male,Berlin,Senior,Software Architect,14,PHP,75000,,,69000,,,28,20,English,,100-1000,Product,unlimited,Сommerce,
03.12.2019 09:26:56,30,Male,Munich,Senior,Backend Developer,6,Ruby,67000,3000,,,,,30,5,English,,,Product,,Finance / Insurance,
03.12.2019 09:31:57,27,Male,Berlin,Senior,Frontend Developer,5,Javascript / Typescript,66000,,,,,,24,4,English,,100-1000,Product,unlimited,Transport,
03.12.2019 09:39:08,36,Female,Berlin,,Backend Developer,3,Java,45000,,,38000,,,30,3,English,,10-50,Product,unlimited,Health,
03.12.2019 09:49:46,28,Male,Frankfurt,Middle,Data Scientist,2,Python,55000,,,,,,30,5,Deutsch,,100-1000,Product,unlimited,Finance / Insurance,
03.12.2019 09:51:08,34,Male,Berlin,Senior,Machine Learning Engineer,10,Scala,80000,,,,,,30,20,English,Namaste Technologies,50-100,Product,unlimited,Сommerce,
03.12.2019 09:53:16,29,Male,Berlin,Senior,DevOps,10,Ruby,72000,,,65000,,,30,20,English,,100-1000,Product,unlimited,Education,
03.12.2019 09:54:29,27,Male,Moscow,Senior,Backend Developer,7,Go,66000,,,,,,30,20,Russian,,100-1000,Startup,1 year,,
03.12.2019 09:56:43,29,Male,Berlin,Senior,Backend Developer,8,Java,70000,,10000,,,,28,,English,,1000+,Product,unlimited,Catering,
03.12.2019 10:03:04,29,Male,Munich,Senior,Fullstack Developer,9,Javascript / Typescript,75000,,,,,,30,20,English,,100-1000,Product,unlimited,Fashion,
03.12.2019 10:06:05,28,Female,Munich,Senior,"Designer (UI, UX)",9,Not Relevant,70000,,,50000,3000,,30,,English,,10-50,Product,unlimited,Сommerce,
03.12.2019 10:06:39,26,Male,Munich,,Mobile Developer,1,Javascript / Typescript,59000,,,,,,20,4,English,,50-100,Startup,unlimited,Сommerce,
03.12.2019 10:13:01,,Male,Berlin,Senior,Backend Developer,5,Ruby,80000,5000,,75000,,,28,4,English,,100-1000,Product,unlimited,Finance / Insurance,
03.12.2019 10:13:04,34,Male,Munich,Senior,Researcher,12,C/C++,90000,22500,,,,,30,0,English,,100-1000,Product,unlimited,Transport,
03.12.2019 10:16:33,32,Male,Berlin,Senior,Backend Developer,11,Java,81600,2500,12000,78000,3000,0,36,5,English,,1000+,Product,unlimited,Transport,
03.12.2019 10:21:33,35,Male,Düsseldorf,Senior,DevOps,15,AWS,65000,0,,65000,,,30,5,Deutsch,,up to 10,Consulting / Agency,unlimited,Finance / Insurance,
03.12.2019 10:22:01,28,Male,Berlin,Middle,QA,7,Python,62000,0,1,,,,30,,English,,100-1000,Bodyshop / Outsource,unlimited,Transport,
03.12.2019 10:24:08,,Male,Berlin,Lead,Machine Learning Engineer,9,Python,128000,36000,72000,120000,30000,60000,30,4,English,,1000+,Product,unlimited,Сommerce,
03.12.2019 10:26:11,38,Female,Berlin,Senior,SAP Consultant,10,SAP / ABAP,92000,,,78000,,,28,5,Deutsch,,1000+,Product,unlimited,Manufacture,
03.12.2019 10:26:19,24,Male,Berlin,Middle,Backend Developer,4,Java,65000,,,44000,,,26,,English,,100-1000,Product,unlimited,,
03.12.2019 10:32:07,32,Male,Berlin,Senior,Backend Developer,5,Java,62000,5000,,58000,,,28,,Deutsch,,1000+,Consulting / Agency,unlimited,IT,
03.12.2019 10:34:43,,Male,Berlin,Senior,Backend Developer,8,Java,96000,14000,,90000,12000,,28,,English,,100-1000,Product,unlimited,Finance / Insurance,
03.12.2019 10:35:52,,Male,Stuttgart,Senior,Machine Learning Engineer,5,Python,98000,10000,,,,,,,Deutsch,,100-1000,Product,unlimited,Manufacture,
03.12.2019 10:37:06,36,Male,Berlin,Senior,Frontend Developer,10,Javascript / Typescript,80000,,,70000,,,30,,English,,100-1000,Product,unlimited,Real Estate,
03.12.2019 10:37:13,,Male,Berlin,Senior,Software Architect,11,Java,124000,46000,,,,,32,,English,,1000+,Product,unlimited,,
03.12.2019 10:39:01,,Male,Munich,Senior,Researcher,9,Python,130000,18000,72000,,,,30,,English,,1000+,Product,unlimited,,
03.12.2019 10:39:59,,Male,Berlin,Senior,Backend Developer,4,Ruby,62000,,,,,,25,,English,,50-100,Startup,1 year,,
03.12.2019 10:41:38,,Male,Berlin,Lead,Software Architect,8,Python,106000,22000,,,,,30,8,English,,100-1000,Product,unlimited,Сommerce,
03.12.2019 10:43:24,42,Female,Berlin,Senior,Backend Developer,12,PHP,55000,,,55000,,,26,0,English,,50-100,Product,unlimited,Сommerce,
03.12.2019 10:45:57,,Male,Darmstadt,Senior,Backend Developer,10,Java,70000,0,,,,,26,10,Deutsch,,100-1000,,unlimited,Telecom,
03.12.2019 10:49:45,30,Male,Hamburg,Senior,Data Scientist,6,Python,85000,5000,,80000,,,25,0,English,About You GmbH,100-1000,Startup,unlimited,Сommerce,
03.12.2019 11:09:14,,Male,Frankfurt,Senior,Lawyer ,7,,170000,20000,,160000,,10.000,,0,English,,100-1000,Consulting / Agency,unlimited,Finance / Insurance,
03.12.2019 11:10:10,30,Male,Berlin,Senior,Backend Developer,6,Python,70000,,,65000,,,27,0,Russian,Vimcar,100-1000,Startup,unlimited,Finance / Insurance,
03.12.2019 11:12:11,28,Male,Berlin,Middle,Backend Developer,8,Java,68000,,,67000,,,28,4,English,Zalando,1000+,Product,unlimited,Сommerce,
03.12.2019 11:15:48,37,Male,Berlin,Senior,Software Architect,15,Java,95000,,,85000,,,30,5,English,,100-1000,Product,unlimited,Advertising,
03.12.2019 11:18:30,29,Male,Munich,Middle,Mobile Developer,7,Swift,70000,0,,45000,,,30,0,English,1&1 UNITED INTERNET,1000+,Product,unlimited,Сommerce,
03.12.2019 11:24:24,,Male,Munich,Middle,Data Scientist,3,Python,71000,,,60000,,,30,0,English,tado,100-1000,Startup,unlimited,Manufacture,
03.12.2019 11:29:02,35,Male,Berlin,Senior,Backend Developer,16,PHP,65000,,,60000,,,,0,English,,100-1000,Product,unlimited,Сommerce,
03.12.2019 11:32:19,30,Male,Berlin,Senior,Backend Developer,8,Scala,86000,,,,,,30,,English,,100-1000,Product,unlimited,,
03.12.2019 11:37:15,34,Male,Berlin,Senior,Embedded Developer,12,C/C++,60000,5000,,,,,25,5,English,,100-1000,Startup,unlimited,Сommerce,
03.12.2019 11:39:33,29,Male,Dusseldorf,Senior,Backend Developer,8,Java,70000,,,,,,25,,English,trivago,1000+,,,Tourism,
03.12.2019 11:47:33,41,Male,Munich,Junior,Backend Developer,0,Java,55000,5000,,32000,8000,,30,2,English,ProSiebenSat.1,1000+,Product,unlimited,Telecom,
03.12.2019 11:53:44,33,Male,Karlsruhe,Senior,QA,7,Java,67000,6700,3000,65000,6000,3000,30,5,English,,1000+,Product,unlimited,Сommerce,
03.12.2019 12:02:42,31,Male,Frankfurt,Senior,Data Scientist,7,Python,85000,15000,,,,,30,10,English,,1000+,,unlimited,Health,
03.12.2019 12:03:11,25,Male,Kyiv,Senior,DevOps,4,Go,60000,,12500,42000,,0,,,Russian,,1000+,Product,unlimited,Сommerce,
03.12.2019 12:24:16,27,Female,Berlin,Middle,Data Scientist,3,Python,67000,0,,,,,27,20,English,,1000+,Product,unlimited,Сommerce,
03.12.2019 12:33:17,29,Male,Kyiv,Senior,DevOps,8,AWS,65000,,,,,,21,20,Russian,,50-100,Product,unlimited,Health,
03.12.2019 12:35:38,27,Male,Berlin,Senior,Researcher,5,Python,100000,0,,,,,30,4,English,,100-1000,Startup,unlimited,Manufacture,
03.12.2019 12:41:36,36,Male,Berlin,Middle,Data Scientist,18,Python,56000,5000,,58000,,0,22,2,English,,100-1000,Product,more than 1 year,Gaming,
03.12.2019 12:43:36,28,Male,Munich,Middle,Business Analyst,7,Javascript / Typescript,62500,,,,,,30,20,English,,1000+,Product,more than 1 year,Software Development,
03.12.2019 12:52:51,33,Male,Berlin,Middle,Backend Developer,10,Kotlin,76000,16000,2000,74000,,1000,28,4,English,,1000+,Product,unlimited,Сommerce,
03.12.2019 13:11:56,34,Male,Freiburg,Middle,Backend Developer,2,Java,42000,,,42000,,,28,,English,,100-1000,Consulting / Agency,unlimited,,
03.12.2019 13:16:20,36,Male,Berlin,Senior,Manager,15,Not Relevant,77000,,,83000,,,24,,English,,100-1000,Product,1 year,Finance / Insurance,
03.12.2019 13:44:56,23,Male,Berlin,Senior,Frontend Developer,5,Javascript / Typescript,65000,,,,,,22,,English,Auto1,100-1000,Product,unlimited,Transport,
03.12.2019 13:45:17,35,Male,Berlin,Senior,Backend Developer,17,PHP,60000,,,,,,24,0,Russian,Auto1 Group,100-1000,Product,unlimited,Transport,
03.12.2019 13:51:10,27,Male,Munich,Middle,Data Engineer,1,Python,58000,,,48000,,,30,20,English,,10-50,Startup,more than 1 year,,
03.12.2019 14:00:58,30,Male,Munich,Senior,Mobile Developer,9,Kotlin,72000,3000,,65000,3000,,24,,Russian,Social Network,10-50,Startup,unlimited,Media,
03.12.2019 14:03:42,37,Male,Amsterdam,Senior,QA,14,AWS,75000,,,78000,,,25,,English,Video Streaming,100-1000,Product,unlimited,Media,
03.12.2019 15:50:04,,Male,Berlin,Senior,Machine Learning Engineer,10,Python,108000,18000,25000,,,,30,,English,,100-1000,Product,unlimited,,
03.12.2019 15:50:19,41,Male,Munich,Senior,Backend Developer,20,Java,78000,0,,75000,,,30,4,English,,100-1000,Product,unlimited,Software Development,
03.12.2019 15:56:07,32,Male,Vienna,Lead,Software Architect,12,.NET,80000,8800,,,,,25,4,English,Nuance ,1000+,Product,unlimited,Health,
03.12.2019 15:56:31,34,Male,Berlin,Senior,Backend Developer,13,Python,70000,0,,65000,,,30,4,English,,100-1000,Product,unlimited,Сommerce,
03.12.2019 15:59:33,,Male,Munich,Senior,Software Architect,10,Java,120000,48000,,,,,35,,,,1000+,Product,,Manufacture,
03.12.2019 16:08:49,45,Male,Berlin,Middle,Data Engineer,14,Java,34446,,,,,,,,English,,50-100,Product,unlimited,Сonstruction,
03.12.2019 16:16:58,,Male,Frankfurt,Senior,Backend Developer,8,Java,108000,36000,,,,,28,0,,,100-1000,,unlimited,Finance / Insurance,
03.12.2019 16:21:59,,Male,Munich,Lead,Data Scientist,8,Python,130000,36000,,,,,32,4,,,1000+,Product,,Manufacture,
03.12.2019 16:24:03,,Male,Stuttgart,Senior,Fullstack Developer,6,Python,90000,12000,,,,,26,,,,,,,Manufacture,
03.12.2019 16:25:30,,Female,Berlin,Senior,Data Scientist,7,Python,65000,3000,,,,,28,,English,,50-100,Startup,unlimited,,
03.12.2019 16:30:01,,Male,Munich,Senior,Frontend Developer,4,Javascript / Typescript,70000,,,55000,,,27,20,English,,10-50,Product,unlimited,Сommerce,
03.12.2019 16:33:31,36,Male,Kyiv,Middle,DevOps,3,AWS,38400,,,,30000,,24,4,Russian,,1000+,Bodyshop / Outsource,unlimited,Сommerce,
03.12.2019 16:39:36,,Male,Berlin,Senior,Data Scientist,6,Python,96000,18000,,,,,30,,,,,Product,,,
03.12.2019 16:40:55,35,Male,Frankfurt,Senior,Product Manager,13,Not Relevant,60000,,,,,,27,,Deutsch,,10-50,Startup,unlimited,Сommerce,
03.12.2019 16:50:33,32,Female,Munich,Senior,Backend Developer,8,Java,62000,6000,,,,,,,English,,1000+,Product,unlimited,Finance / Insurance,
03.12.2019 16:58:06,29,Male,Munich,Middle,Frontend Developer,8,Javascript / Typescript,65000,,,61500,,,30,,English,,100-1000,Product,unlimited,,
03.12.2019 16:59:00,,Female,Munich,,SAP Consultant,10,SAP / ABAP,80200,4000,,,,,30,1,Deutsch,,100-1000,,,Finance / Insurance,
03.12.2019 16:59:30,33,Male,Munich,Lead,Backend Developer,11,Java,90000,,,85000,,,28,,English,,100-1000,Product,unlimited,Dating,
03.12.2019 17:10:00,33,Male,Kyiv,Middle,System Administrator,15,Not Relevant,36000,2000,,20000,2000,0,24,5,Russian,,10-50,Consulting / Agency,unlimited,Government,
03.12.2019 17:23:56,39,Male,Munich,Senior,Fullstack Developer,15,PHP,75700,4000,,60000,,0,30,8,English,,100-1000,Product,unlimited,Сommerce,
03.12.2019 17:33:27,25,Female,Cologne,Junior,IT Security,2,Not Relevant,46000,3000,,,,,30,20,Deutsch,,1000+,,unlimited,Telecom,
03.12.2019 18:05:49,33,Female,Berlin,Middle,QA,5,Ruby,63400,,,51000,,,28,,English,,1000+,Product,unlimited,Catering,
03.12.2019 18:31:52,35,Male,Munich,Senior,Backend Developer,16,Java,70000,,,70000,,,25,,Russian,3D,10-50,Product,unlimited,Media,
03.12.2019 18:33:44,34,Male,Berlin,Senior,Backend Developer,9,.NET,70000,7000,,,,,25,,English,,1000+,Product,unlimited,Сommerce,
03.12.2019 18:37:06,31,Female,Frankfurt,Senior,Backend Developer,7,Java,68000,,,72000,,,28,10,English,,10-50,Startup,unlimited,Security,
03.12.2019 19:02:46,,Male,Amsterdam,Senior,Machine Learning Engineer,11,Python,106000,25000,117000,,,,26,,English,,1000+,Startup,unlimited,,
03.12.2019 19:12:30,34,Male,Pforzheim,Senior,Backend Developer,13,Java,75000,,,65000,,,29,0,Deutsch,,50-100,Product,unlimited,Сommerce,
03.12.2019 19:20:52,32,Male,Munich,Senior,Software Architect,8,Java,100000,,,65000,10000,,29,,Deutsch,,10-50,Product,unlimited,Health,
03.12.2019 19:29:16,33,Male,Munich,Senior,Backend Developer,11,AWS,90000,10000,,80000,7000,,28,,English,,1000+,Product,unlimited,Manufacture,
03.12.2019 19:32:43,44,Male,Berlin,Senior,Frontend Developer,5,Javascript / Typescript,65000,,,,,,24,,English,,10-50,Product,unlimited,Сommerce,
03.12.2019 19:48:01,26,Male,Nuremberg,Junior,DevOps,0,Not Relevant,55000,,,,,,30,0,Deutsch,,,,unlimited,,
03.12.2019 20:32:32,30,Male,Berlin,Senior,Data Scientist,8,Python,90000,20000,,,,,,,English,,50-100,Startup,more than 1 year,Scientific Activities,
03.12.2019 20:49:10,37,Male,Stuttgart,Senior,Software Architect,11,Not Relevant,105000,,,98000,,,30,5,Deutsch,,1000+,Product,unlimited,Automotive,
03.12.2019 21:08:26,24,Female,Frankfurt,Junior,Fullstack Developer,1,Java,52000,5000,,,,,30,0,Deutsch,,1000+,Product,unlimited,Finance / Insurance,
03.12.2019 21:30:05,27,Male,Berlin,Senior,Manager,6,Python,58000,,,55000,,,27,1,English,,100-1000,Startup,unlimited,Tourism,
03.12.2019 21:44:48,30,Male,Kassel ,Middle,Frontend Developer,4,Javascript / Typescript,55000,5000,2000,53500,4400,1800,29,4,Deutsch,Cisco,1000+,Product,unlimited,Software Development,
03.12.2019 21:46:29,36,Male,Munich,Senior,DevOps,15,AWS,85000,,1,,,,28,0,English,Luxoft,100-1000,Consulting / Agency,unlimited,IT,
03.12.2019 21:48:43,31,Female,Munich,Senior,Mobile Developer,8,Swift,75000,,,65000,,,26,20,English,,100-1000,Startup,unlimited,Finance / Insurance,
03.12.2019 21:51:50,33,Male,Munich,Senior,Embedded Developer,4,C/C++,60000,1400,,55000,1100,,30,2,Deutsch,,100-1000,Consulting / Agency,unlimited,Manufacture,
03.12.2019 21:57:03,,Female,Munich,Middle,Data Engineer,7,SQL,52000,6250,,48000,5250,,29,5,English,,1000+,Product,unlimited,Finance / Insurance,
03.12.2019 22:13:11,,Male,Munich,Senior,Software Architect,12,Java,85000,5000,,72000,5000,,24,15,English,IntellectEU,100-1000,Product,unlimited,Finance / Insurance,
03.12.2019 22:32:24,43,Male,Berlin,Middle,Backend Developer,20,Ruby,70000,7000,15000,67000,,0,24,8,English,,1000+,Product,unlimited,Сommerce,
03.12.2019 22:34:45,40,Male,Frankfurt,Senior,Manager,18,Not Relevant,88000,,,88000,7000,4000,30,15,English,,1000+,Bodyshop / Outsource,unlimited,IT,
03.12.2019 22:48:58,35,Male,Munich,Senior,DevOps,15,Java,73000,6000,,70000,5700,,,5,Deutsch,BMW,1000+,Product,unlimited,Manufacture,
03.12.2019 23:25:18,36,Male,Munich,Senior,Mobile Developer,20,Swift,150000,,,80000,,,60,15,Deutsch,,up to 10,Bodyshop / Outsource,unlimited,Transport,
03.12.2019 23:25:30,28,Male,Munich,Senior,Backend Developer,7,Java,74000,6000,,69000,6000,,28,,English,,1000+,Product,unlimited,Сommerce,
03.12.2019 23:49:50,31,Male,Munich,Senior,Backend Developer,10,Java,78000,,15000,70000,,15000,28,,English,,100-1000,Startup,unlimited,Tourism,
03.12.2019 23:51:17,30,Male,Munich,Head,DevOps,10,AWS,77000,10000,,70000,1,,25,0,English,NA,50-100,Product,unlimited,Finance / Insurance,
04.12.2019 00:02:01,,Male,Munich,Senior,Data Scientist,12,Python,125000,32000,,,,,30,,Deutsch,,100-1000,Product,unlimited,Transport,
04.12.2019 00:04:40,,Male,Berlin,Head,"CTO (CEO, CFO)",14,C/C++,32000,,350000,,,,20,,English,,10-50,Startup,unlimited,,
04.12.2019 00:07:30,35,Female,Madrid,Middle,Sales Engineer,12,Not Relevant,46000,3000,,45000,3500,,22,0,Spanish,Sulzer,1000+,Product,unlimited,Manufacture,
04.12.2019 00:11:03,28,Male,Berlin,Senior,Backend Developer,6,Ruby,52000,,,52000,,,20,0,English,,100-1000,Startup,1 year,,
04.12.2019 00:13:56,,Male,Berlin,Senior,Data Scientist,6,Python,87000,12000,,82000,8000,,28,,English,,50-100,Startup,unlimited,Сommerce,
04.12.2019 00:57:53,26,Male,Frankfurt,Middle,Manager,5,Not Relevant,65000,1000,,59000,,,37,3,English,,1000+,,unlimited,Manufacture,
04.12.2019 01:15:09,25,Male,Berlin,Middle,DevOps,3,Not Relevant,55000,5000,,,,,30,5,English,,100-1000,Startup,unlimited,Transport,
04.12.2019 01:19:30,27,Female,Munich,Senior,QA,7,Java,69000,5500,,65000,5000,,28,,English,Wirecard,1000+,Product,unlimited,Finance / Insurance,
04.12.2019 04:01:31,32,Male,Vienna,Middle,Data Scientist,2,R,70000,7000,,60000,5000,,25,2,English,Drei,100-1000,Product,unlimited,Telecom,
04.12.2019 06:31:15,24,Male,Stuttgart,Junior,DevOps,2,.NET,44000,6000,,,,,30,0,Deutsch,,1000+,Product,unlimited,Health,
04.12.2019 06:55:16,,Female,Marburg,Junior,Fullstack Developer,0,Java,23500,3500,,,,,30,5,Deutsch,,10-50,Product,1 year,Сommerce,
04.12.2019 06:58:37,37,Male,Munich,Senior,Backend Developer,17,Java,76500,3000,,75000,,,28,,English,,100-1000,Product,unlimited,Scientific Activities,
04.12.2019 07:51:52,27,Male,Berlin,Middle,DevOps,6,AWS,66000,,1,,,,28,20,English,,1000+,Product,unlimited,Finance / Insurance,
04.12.2019 09:11:59,31,Female,Berlin,Junior,Machine Learning Engineer,1,Python,52500,,,,,,30,20,Deutsch,,100-1000,Consulting / Agency,unlimited,Сommerce,
04.12.2019 09:47:32,29,Female,Munich,Middle,Machine Learning Engineer,2,Python,57000,3000,,,,,25,,English,,up to 10,Startup,unlimited,Catering,
04.12.2019 10:09:47,37,Male,Berlin,Senior,Backend Developer,12,Not Relevant,70000,5000,,65000,5000,,25,20,English,,50-100,Product,unlimited,Сommerce,
04.12.2019 10:53:13,34,Male,Berlin,Senior,QA,8,Java,59000,3000,5000,56000,3000,5000,29,10,English,NewStore,100-1000,Product,unlimited,Сommerce,
04.12.2019 10:55:05,,Male,Munich,Senior,Frontend Developer,20,Javascript / Typescript,63000,,,61000,,,30,4,English,,100-1000,Product,unlimited,Сommerce,
04.12.2019 11:00:22,,Male,Amsterdam,Senior,Data Scientist,8,Python,98000,16000,75000,,,,30,,English,,1000+,,unlimited,,
04.12.2019 11:25:41,,Male,Berlin,Senior,Backend Developer,8,Java,73000,5000,,,,,30,,English,,100-1000,Product,unlimited,Manufacture,
04.12.2019 11:31:03,28,Female,Frankfurt,Junior,Mainframe,1,PHP,36000,,,,,,28,4,Deutsch,,10-50,Startup,unlimited,Telecom,
04.12.2019 11:44:46,25,Male,Karlsruhe,Middle,Machine Learning Engineer,4,Kotlin,52200,,1,52200,,0,30,10,Deutsch,,10-50,Consulting / Agency,unlimited,IT,
04.12.2019 11:57:27,,Male,Berlin,Lead,Backend Developer,7,Java,110000,20000,,,,,27,,English,,1000+,Product,unlimited,Finance / Insurance,
04.12.2019 11:58:34,,Female,Hamburg,Middle,Frontend Developer,3,Javascript / Typescript,58000,6000,,,,,24,,Deutsch,,100-1000,Product,unlimited,,
04.12.2019 12:06:12,,Male,Berlin,Senior,Data Scientist,7,R,98000,18000,20000,,,,25,,English,,50-100,Startup,unlimited,,
04.12.2019 12:19:20,31,Male,Munich,Senior,SAP Consultant,8,Not Relevant,130000,,,110000,,,30,15,English,,1000+,Product,unlimited,IT,
04.12.2019 12:22:59,27,Male,Munich,Junior,Software Architect,3,Not Relevant,50000,5000,,48000,4000,,33,10,English,,1000+,Product,unlimited,Manufacture,
04.12.2019 13:11:39,28,Male,Munich,Senior,Frontend Developer,5,Javascript / Typescript,57000,,,52000,,,26,4,English,,100-1000,Product,unlimited,Finance / Insurance,
04.12.2019 13:12:49,32,Male,Frankfurt,Middle,Data Scientist,3,Python,73500,7000,,62000,6000,,30,5,Deutsch,,1000+,Product,unlimited,Health,
04.12.2019 13:36:18,28,Female,London,Middle,Business Analyst,3,SQL,48000,,,,,,30,4,English,,10-50,Product,unlimited,Gaming,
04.12.2019 13:47:38,29,Male,Berlin,Middle,Data Scientist,4,Python,68000,,,75000,10000,,30,0,English,,1000+,Product,unlimited,Finance / Insurance,
04.12.2019 13:47:57,37,Male,Berlin,Middle,QA,6,Java,65000,,,55000,,,24,,English,,50-100,Product,6 months,Finance / Insurance,
04.12.2019 13:52:07,34,Male,Munich,Senior,Manager,12,Not Relevant,96000,25000,1500,92000,20000,1500,28,20,English,Cisco,1000+,Product,unlimited,IT,
04.12.2019 13:53:20,29,Male,Munich,Junior,Data Scientist,2,Python,55000,,,,,,30,4,Deutsch,,10-50,Startup,unlimited,Finance / Insurance,
04.12.2019 13:57:23,30,Male,Hamburg,Senior,Data Engineer,3,Python,57000,3000,,45000,,,27,2,English,,100-1000,Product,unlimited,Marketing,
04.12.2019 13:58:52,24,Male,Amsterdam,Senior,Machine Learning Engineer,3,Python,75000,,125,,,,,,English,,10-50,Startup,unlimited,Scientific Activities,
04.12.2019 14:08:28,26,Male,Moscow,Middle,Data Scientist,3,R,46000,12000,1,23000,1,1,25,15,English,,1000+,Consulting / Agency,unlimited,Finance / Insurance,
04.12.2019 14:13:07,28,Male,Hamburg,Middle,Machine Learning Engineer,4,Python,65000,5000,1,,,,30,5,English,,100-1000,Consulting / Agency,unlimited,IT,
04.12.2019 14:17:52,25,Male,Munich,Junior,Data Scientist,1,Python,48000,5300,,,,,30,0,English,Allianz Investment Management,100-1000,Product,unlimited,Finance / Insurance,
04.12.2019 14:23:07,39,Male,Munich,Senior,Data Scientist,13,Python,135000,60000,,,,,30,2,English,,100-1000,Product,unlimited,Transport,
04.12.2019 14:25:55,35,Male,Frankfurt,Senior,Software Architect,12,AWS,70000,7000,,70000,7000,,30,7,Deutsch,,1000+,Consulting / Agency,unlimited,IT,
04.12.2019 14:26:50,36,Male,Berlin,Middle,Data Scientist,4,Python,58000,,,53000,,,30,0.25,Deutsch,,10-50,Consulting / Agency,unlimited,Agriculture,
04.12.2019 14:30:56,35,Male,Munich,Senior,Network Engineer,12,Not Relevant,75000,,500,55000,800,,30,7,Deutsch,,up to 10,Consulting / Agency,unlimited,,
04.12.2019 14:38:15,30,Female,London,Junior,Data Engineer,3,Azure,55000,6000,,55000,6000,,30,,English,Shell,1000+,Product,unlimited,Energy,
04.12.2019 14:44:01,39,Male,Warsaw,Senior,Researcher,15,SAS,22000,,1,20000,1,1,26,15,English,,100-1000,Product,unlimited,Health,
04.12.2019 14:45:01,31,Male,Berlin,Senior,Manager,10,Java,106000,,22000,,,,27,,English,,1000+,Startup,unlimited,Сommerce,
04.12.2019 14:45:10,31,Male,Berlin,Senior,Manager,10,Java,106000,,22000,,,,27,,English,,1000+,Startup,unlimited,Сommerce,
04.12.2019 14:46:11,29,Female,Berlin,Middle,Product Manager,7,Not Relevant,67000,5800,,,,,30,2,English,MOIA,100-1000,Product,unlimited,Transport,
04.12.2019 14:51:04,33,Male,Munich,Senior,Data Scientist,11,Python,67500,,1,65000,,,32,3,English,,50-100,Product,unlimited,Сommerce,
04.12.2019 14:51:22,,Male,Berlin,Senior,Data Scientist,6,Python,90000,16000,,84000,12000,,30,,Deutsch,,100-1000,Product,unlimited,,
04.12.2019 14:56:16,31,Male,Stuttgart,Senior,Data Engineer,3,Python,20000,,,,,,,,Russian,,1000+,Bodyshop / Outsource,less than 3 months,Real Estate,
04.12.2019 14:58:30,26,Male,Berlin,Middle,Machine Learning Engineer,3,Python,46000,,,46000,,,24,2,English,,10-50,Product,more than 1 year,Health,
04.12.2019 15:01:17,33,Male,Berlin,Senior,Backend Developer,8,Python,75000,,10000,70000,,10000,25,20,English,Enterprise Software,100-1000,Product,unlimited,Software Development,
04.12.2019 15:02:22,29,Male,Berlin,Junior,Frontend Developer,1,Javascript / Typescript,67000,7000,,,,,30,2,English,,1000+,Consulting / Agency,unlimited,,
04.12.2019 15:10:37,35,Female,Berlin,Senior,Data Scientist,10,Python,140000,,,110000,,,30,12,English,,100-1000,Startup,,,
04.12.2019 15:11:24,34,Male,Munich,Middle,Manager,7,Not Relevant,96000,9600,,84000,,,30,,English,,100-1000,Product,unlimited,Сommerce,
04.12.2019 15:14:32,29,Female,Berlin,Middle,Frontend Developer,4,Javascript / Typescript,52000,,,,,,30,0,English,,1000+,Startup,unlimited,Сommerce,
04.12.2019 15:15:47,22,Male,London,Senior,"CTO (CEO, CFO)",3,Not Relevant,45000,15000,15000,10000,10000,10000,30,5,English,N/A,50-100,Startup,unlimited,Advertising,
04.12.2019 15:15:52,32,Male,Berlin,Senior,Data Engineer,12,AWS,80000,,,60000,,,26,20,English,,100-1000,Startup,unlimited,Transport,
04.12.2019 15:17:38,32,Male,Nuremberg,Middle,Data Scientist,2,Python,50000,4100,,,,,30,0,English,GfK,1000+,Consulting / Agency,unlimited,Marketing,
04.12.2019 15:23:26,31,Male,Munich,Senior,SRE,10,Azure,72000,6000,,68400,5700,,30,20,Deutsch,,100-1000,Consulting / Agency,unlimited,Finance / Insurance,
04.12.2019 15:24:29,29,Male,Hannover,Middle,Data Scientist,4,Python,60000,,500,53000,,,30,3,Deutsch,,1000+,Product,unlimited,Finance / Insurance,
04.12.2019 15:49:39,30,Male,Hamburg,Senior,Data Scientist,6,Python,68000,,,68000,,,25,0,English,,100-1000,Product,unlimited,Gaming,
04.12.2019 15:56:52,30,Male,Berlin,Middle,Data Engineer,9,Python,68000,,,,,,28,,English,,100-1000,Product,unlimited,Finance / Insurance,
04.12.2019 16:00:51,29,Male,Berlin,Middle,Data Engineer,5,AWS,70000,,,,,,30,,English,,100-1000,Startup,unlimited,Сommerce,
04.12.2019 16:02:43,30,Male,Berlin,Senior,Data Scientist,5,Python,85000,5000,,65000,,,30,,Deutsch,,1000+,,unlimited,,
04.12.2019 16:08:48,43,Male,Hamburg,Senior,Software Architect,15,Java,54000,,,74000,,,28,2,English,,up to 10,Startup,unlimited,Transport,
04.12.2019 16:27:54,34,Male,Paris,Senior,Data Scientist,9,Python,75000,,,62000,,,30,4,French,,10-50,Startup,unlimited,,
04.12.2019 16:33:24,38,Male,Berlin,Senior,NLP Engineer,4,Python,65000,,,,,,26,20,English,,100-1000,Startup,unlimited,Transport,
04.12.2019 16:33:28,26,Male,Stuttgart,Middle,Data Engineer,3,Python,67200,,,,,,,,English,Bosch,1000+,Product,more than 1 year,Scientific Activities,
04.12.2019 16:34:18,38,Male,Hannover,Senior,Data Scientist,5,R,79000,23000,,,,,30,4,Deutsch,,100-1000,Consulting / Agency,unlimited,,
04.12.2019 16:50:30,28,Female,London,Senior,Data Scientist,7,Python,120000,,,65000,,,25,4,English,EY,1000+,Consulting / Agency,3 months,Finance / Insurance,
04.12.2019 16:50:32,30,Male,Berlin,Senior,"CTO (CEO, CFO)",11,Kotlin,75000,,,80000,,,25,4,English,,10-50,Startup,more than 1 year,Telecom,
04.12.2019 17:13:51,34,Male,Cologne,Middle,Data Scientist,8,R,72000,16000,,70000,4000,,30,4,English,Bayer Business Services,1000+,Product,more than 1 year,Health,
04.12.2019 17:17:22,,Male,Berlin,Senior,Data Scientist,8,Python,104000,15000,18000,,,,29,,English,,100-1000,Product,unlimited,,
04.12.2019 17:17:26,29,Male,Berlin,Middle,Data Scientist,2,R,53000,3000,1,53000,1,0,27,0,French,autobiz,100-1000,Product,unlimited,Automotive,
04.12.2019 17:57:35,26,Male,Berlin,Junior,Researcher,1,Python,40000,1,1,30000,,,30,4,English,TU,1000+,University,more than 1 year,Scientific Activities,
04.12.2019 18:01:15,30,Male,Kyiv,Senior,DevOps,8,Azure,130000,10000,,,,,21,5,English,,1000+,Bodyshop / Outsource,unlimited,,
04.12.2019 18:05:07,28,Male,Berlin,Principal,Software Architect,10,Not Relevant,110000,25000,50000,85000,10000,5000,25,20,English,,1000+,Product,unlimited,Software Development,
04.12.2019 18:09:55,49,Male,Milan,Senior,Manager,24,Not Relevant,115000,25000,1,95000,20000,1,20,0,Italian,Sbi,100-1000,Product,1 year,IT,
04.12.2019 18:11:32,33,Male,Berlin,Senior,Machine Learning Engineer,11,Python,75000,3000,,75000,3000,,30,5,English,Scout24,100-1000,Product,unlimited,Real Estate,
04.12.2019 18:13:21,20,Male,Kyiv,Junior,Machine Learning Engineer,1,Python,14400,1400,,,,,20,4,Russian,,10-50,Startup,unlimited,Сommerce,
04.12.2019 18:27:33,35,Male,Hamburg,Senior,Backend Developer,10,Java,62000,,,48000,,,27,4,English,,1000+,Product,unlimited,Transport,
04.12.2019 18:27:49,26,Male,Odesa,Senior,Data Scientist,3,Python,45000,,,25000,,,20,0,Russian,,100-1000,Bodyshop / Outsource,more than 1 year,Telecom,
04.12.2019 18:30:51,31,Male,Berlin,Senior,Data Engineer,6,Python,75000,,,60000,,,28,20,English,,100-1000,Product,unlimited,Automotive,
04.12.2019 18:35:04,33,Female,Berlin,Junior,Researcher,8,Python,54000,,,,,,28,,English,Amazon,1000+,Product,3 months,Сommerce,
04.12.2019 18:59:18,31,Male,Munich,Senior,Software Engineer,11,C/C++,95000,25000,,87000,8000,5000,30,,English,,100-1000,Product,unlimited,,
04.12.2019 19:01:34,,Male,Berlin,Lead,Data Scientist,10,Python,125000,25000,,,,,30,10,English,,1000+,Product,,,
04.12.2019 19:11:17,28,Male,Paris,Middle,Fullstack Developer,3,Java,39400,1000,,,,,25,,French,,1000+,Consulting / Agency,unlimited,Software Development,
04.12.2019 19:13:07,36,Male,Berlin,Senior,DevOps,15,AWS,75000,10000,,68000,,,30,5,English,,50-100,Startup,unlimited,Finance / Insurance,
04.12.2019 19:19:26,,Male,Hamburg,Junior,Backend Developer,18,Python,,,,,,,,,English,,1000+,Product,unlimited,Agriculture,
04.12.2019 19:38:28,39,Male,Berlin,Senior,Data Engineer,10,Python,75000,7500,,68000,6800,,30,4,English,Here,1000+,Product,unlimited,Transport,
04.12.2019 19:56:40,27,Female,Düsseldorf,Junior,Data Scientist,1,R,45000,,,,,,30,2,English,,1000+,Product,unlimited,Tourism,
04.12.2019 20:06:49,26,Male,Berlin,Middle,Backend Developer,6,Java,78000,12000,,,,,28,5,English,AWS,1000+,Product,unlimited,Сommerce,
04.12.2019 20:07:34,30,Male,Berlin,Middle,Data Scientist,2,Python,55000,5000,,52000,4000,,30,2,English,,1000+,Consulting / Agency,unlimited,,
04.12.2019 20:11:12,,Male,Berlin,,Machine Learning Engineer,7,Python,90000,15000,,,,,30,,English,,100-1000,Startup,unlimited,Сommerce,
04.12.2019 20:12:18,29,Male,Amsterdam,Senior,Backend Developer,4,Java,65000,,,,,,27,0,Russian,,100-1000,Product,unlimited,Finance / Insurance,
04.12.2019 20:14:44,38,Male,Berlin,Senior,Backend Developer,7,Java,80000,,,70000,,,26,,English,,100-1000,Startup,unlimited,Transport,
04.12.2019 20:33:27,31,Male,Berlin,Senior,Head of AI,5,Python,150000,,,,,,28,4,English,,1000+,Product,unlimited,,
04.12.2019 20:37:47,35,Male,Hamburg,Middle,Manager,9,Python,105000,10000,1,100000,6000,1,37,3,Deutsch,asdf,1000+,Product,unlimited,Manufacture,
04.12.2019 20:40:28,29,Male,Berlin,Senior,DevOps,8,Kubernetes,85000,,1,70000,1,1,30,5,English,,100-1000,Product,unlimited,Software Development,
04.12.2019 20:45:16,38,Male,Cork,Senior,Software Architect,15,SQL,100000,25000,11000,78000,15000,10000,28,10,English,Dell,1000+,Product,unlimited,IT,
04.12.2019 20:54:58,40,Female,Berlin,Senior,Backend Developer,18,Java,80000,4000,6000,70000,4000,0,27,4,English,OLX Group ,1000+,Product,unlimited,Сommerce,
04.12.2019 21:03:20,26,Female,Berlin,Junior,Data Scientist,2,Python,47000,,,45000,,,26,0,English,,50-100,Startup,unlimited,Finance / Insurance,
04.12.2019 21:12:46,27,Male,Munich,Middle,QA,3,Not Relevant,53600,,,,,,28,,English,,100-1000,Product,unlimited,Сommerce,
04.12.2019 21:21:37,25,Male,Hamburg,Middle,Frontend Developer,4,Javascript / Typescript,66000,,,60000,,,30,20,English,,1000+,Product,unlimited,,
04.12.2019 21:29:09,38,Female,Berlin,Senior,Data Scientist,3,Python,62000,,,,,,27,,English,,50-100,Startup,unlimited,Finance / Insurance,
04.12.2019 21:37:14,32,Male,Berlin,Senior,Software Architect,4,Not Relevant,87000,15000,,81000,1500,,30,8,English,,1000+,Consulting / Agency,unlimited,Finance / Insurance,
04.12.2019 21:40:13,,Male,Hamburg,Senior,Frontend Developer,20,Javascript / Typescript,95000,,1,,,,15,10,Russian,google,1000+,Product,unlimited,Сommerce,
04.12.2019 21:53:33,34,Male,Hamburg,Middle,Backend Developer,10,Ruby,65000,,,60000,,,29,20,English,,50-100,Product,unlimited,Manufacture,
04.12.2019 22:07:24,28,Male,Berlin,Middle,Data Engineer,2,Not Relevant,95000,19000,0.01,90000,18000,0,30,2,Deutsch,,1000+,Consulting / Agency,unlimited,Software Development,
04.12.2019 22:07:34,,Male,Berlin,Senior,Machine Learning Engineer,7,Python,105000,15000,26000,,,,,,English,,1000+,Product,unlimited,,
04.12.2019 22:07:52,33,Male,Berlin,Junior,Support,2,Not Relevant,36000,3000,,30000,,,25,0,Deutsch,,100-1000,Product,unlimited,Сonstruction,
04.12.2019 22:09:11,31,Male,Munich,Senior,QA,8,Java,73000,,,,,,28,0,English,insparx,100-1000,Product,unlimited,Dating,
04.12.2019 22:11:43,,Male,Zug,Senior,Backend Developer,12,Java,216000,47000,,,,,30,,Deutsch,,100-1000,Product,,Finance / Insurance,
04.12.2019 22:17:52,30,Male,Berlin,Middle,Data Scientist,8,Python,90000,12000,12500,,,,27,1,English,OLX,100-1000,Product,unlimited,Сommerce,
04.12.2019 22:28:46,35,Male,Berlin,Middle,Business Analyst,7,SQL,57000,,,46000,,,26,,English,Airhelp,100-1000,Startup,1 year,Finance / Insurance,
04.12.2019 22:29:40,,Male,Amsterdam,Senior,Data Scientist,3,R,60000,2500,1,48000,1,1,24,4,Dutch,Capgemini,1000+,Consulting / Agency,unlimited,IT,
04.12.2019 22:31:12,30,Male,Berlin,Senior,Data Scientist,4,SQL,66000,,,50000,,,25,4,English,,100-1000,Startup,unlimited,Transport,
04.12.2019 22:48:15,26,Male,Frankfurt,Junior,Business Analyst,1,Not Relevant,44000,,,,,,28,,Deutsch,,1000+,Consulting / Agency,unlimited,Finance / Insurance,
04.12.2019 22:52:47,,Male,Berlin,Senior,Backend Developer,15,PHP,58000,,0.1,58,,0.1,30,2,English,,100-1000,Product,unlimited,Media,
04.12.2019 22:56:12,,Male,Berlin,Senior,Researcher,9,Python,112000,16000,25000,,,,,,English,,1000+,Product,,Сommerce,
04.12.2019 23:10:59,23,Male,Cologne,Junior,Fullstack Developer,1,Java,30000,,,,,,,5,Deutsch,Zortify ,up to 10,Startup,1 year,HR,
04.12.2019 23:12:54,26,Male,Amsterdam,Middle,Data Scientist,5,Python,85000,25000,30000,,,,,,English,,100-1000,Product,unlimited,,
04.12.2019 23:22:22,44,Male,Hamburg,Senior,"CTO (CEO, CFO)",15,PHP,100000,,,,,,28,5,Deutsch,,100-1000,Product,unlimited,Scientific Activities,
04.12.2019 23:52:25,30,Male,Frankfurt,Senior,Data Scientist,4,Python,80000,8000,,75000,,,30,5,English,AGT International ,50-100,Product,unlimited,Сommerce,
05.12.2019 00:03:16,37,Male,Berlin,Senior,Manager,15,Python,80000,,,,,,28,4,English,,100-1000,Startup,unlimited,SAS,
05.12.2019 00:04:58,46,Male,Hamburg,Senior,Fullstack Developer,11,Java,60000,,,53000,,,30,,Deutsch,n/a,10-50,Product,more than 1 year,Scientific Activities,
05.12.2019 00:07:27,28,Male,Munich,Middle,Data Engineer,4,Python,60000,3000,,60000,3000,,30,,English,,10-50,Consulting / Agency,unlimited,Transport,
05.12.2019 00:27:04,41,Male,Heidelberg,Senior,Data Scientist,10,Python,133000,,,127000,,,28,15,English,Konux,50-100,Startup,unlimited,Transport,
05.12.2019 00:46:31,24,Male,Brussels,Junior,Data Scientist,2,Python,33000,,,,,,31,,French,,1000+,Consulting / Agency,unlimited,IT,
05.12.2019 00:47:21,,Male,Munich,Senior,Manager,16,R,64000,20000,,,,,29,,English,Accenture,1000+,Consulting / Agency,more than 1 year,,
05.12.2019 00:47:52,,Male,Munich,Senior,Manager,16,R,64000,20000,,,,,29,,English,Accenture,1000+,Consulting / Agency,more than 1 year,,
05.12.2019 01:17:29,27,Male,Berlin,Senior,Business Analyst,5,Python,62000,,,55000,,,26,4,English,,100-1000,Consulting / Agency,unlimited,Finance / Insurance,
05.12.2019 02:54:24,39,Male,Berlin,Senior,Data Scientist,5,Not Relevant,85000,,,,,,,,Deutsch,,,,6 months,Manufacture,
05.12.2019 05:53:14,31,Male,Berlin,Middle,Product Manager,5,Not Relevant,55000,1,1,45000,1,1,24,4,Deutsch,,50-100,Product,more than 1 year,Education,
05.12.2019 07:02:04,40,Female,Berlin,Senior,Backend Developer,10,C/C++,68000,,,63000,,,25,4,English,,10-50,Startup,unlimited,Health,
05.12.2019 07:16:22,35,Male,Berlin,Senior,Software Architect,8,Java,85000,10000,20000,80000,10000,20000,28,5,English,eBay,1000+,Product,unlimited,Сommerce,
05.12.2019 07:41:11,36,Male,Bielefeld,Senior,Fullstack Developer,16,PHP,72000,,,72000,,,24,4,English,Egoditor,10-50,Product,unlimited,Software Development,
05.12.2019 07:41:29,30,Female,Berlin,Junior,QA,1,,34000,2000,,,,,30,,English,,10-50,Startup,unlimited,Finance / Insurance,
05.12.2019 07:42:47,27,Male,Berlin,Senior,Backend Developer,8,Go,70000,5000,,70000,5000,,30,4,English,,1000+,Product,more than 1 year,Transport,
05.12.2019 07:44:47,30,Male,Berlin,Senior,DevOps,8,Java,63600,7000,,60000,,,32,4,English,maps and navigation,1000+,Product,unlimited,Transport,
05.12.2019 07:57:37,30,Male,Berlin,Senior,Backend Developer,9,Java,79000,0,,79000,,,27,4,English,,100-1000,Startup,unlimited,Tourism,
05.12.2019 08:06:00,,Female,Berlin,Senior,Fullstack Developer,10,Java,68000,1500,,,,,30,2,Deutsch,,100-1000,Consulting / Agency,unlimited,Finance / Insurance,
05.12.2019 08:11:01,34,Male,Berlin,Senior,Backend Developer,6,Python,60000,,,52000,,,,,Deutsch,,50-100,Product,unlimited,,
05.12.2019 08:20:02,40,Female,Munich,Middle,Backend Developer,15,C/C++,68000,,,,,,28,,English,,100-1000,Product,unlimited,Сommerce,
05.12.2019 08:27:01,40,Female,Munich,Middle,Backend Developer,15,C/C++,68000,,,,,,,,English,,100-1000,Product,unlimited,Сommerce,
05.12.2019 08:32:27,33,Male,Berlin,Senior,Backend Developer,11,Ruby,91000,,18000,85000,,,29,4,English,,100-1000,Product,unlimited,Finance / Insurance,
05.12.2019 08:44:13,35,Male,Berlin,Senior,Backend Developer,12,PHP,90000,0,,,,,24,3,English,,up to 10,Startup,unlimited,Сommerce,
05.12.2019 08:46:19,,Female,Berlin,Senior,QA,13,Java,63000,6000,,53000,,,30,4,English,,10-50,Startup,unlimited,Scientific Activities,
05.12.2019 08:55:01,34,Female,Berlin,Middle,Data Scientist,2,Python,65000,,,51000,,,30,4,English,,1000+,Consulting / Agency,unlimited,,
05.12.2019 09:05:23,42,Male,Berlin,Senior,Software Architect,20,C/C++,95000,10,,90000,,,30,,English,,1000+,Product,unlimited,Transport,
05.12.2019 09:09:26,30,Female,Berlin,Middle,Data Scientist,5,Python,65000,0,,54000,,0,30,5,English,,1000+,Product,more than 1 year,Real Estate,
05.12.2019 09:13:33,30,Male,Berlin,Senior,Backend Developer,10,Python,75000,,,66000,,,27,,English,,100-1000,Startup,more than 1 year,,
05.12.2019 09:14:09,30,Male,Berlin,Senior,Fullstack Developer,6,Javascript / Typescript,70000,0,28000,58000,,,23,8,English,,10-50,Product,unlimited,Real Estate,
05.12.2019 09:29:12,32,Female,Berlin,Middle,Mobile Developer,7,Kotlin,55000,,,52000,,,23,4,English,,1000+,Product,unlimited,Сommerce,
05.12.2019 09:29:58,29,Female,Berlin,Middle,Data Scientist,2,Python,40000,0,,40000,,,29,,English,diconium,100-1000,,unlimited,IT,
05.12.2019 09:32:27,,Male,Berlin,Senior,Data Scientist,6,Python,96000,12000,,,,,30,,English,,100-1000,Startup,unlimited,,
05.12.2019 09:38:10,29,Male,Berlin,Senior,Fullstack Developer,8,Javascript / Typescript,72000,6000,,70000,5000,,30,4,English,Yara Digital,1000+,Startup,unlimited,Agriculture,
05.12.2019 09:42:06,29,Male,Berlin,Middle,Backend Developer,7,Go,60000,,,,,,,,English,,100-1000,Product,unlimited,,
05.12.2019 09:42:21,24,Male,Berlin,Senior,Frontend Developer,5,Javascript / Typescript,63000,3000,,,,,25,,English,smava,100-1000,Product,unlimited,Finance / Insurance,
05.12.2019 09:47:36,37,Male,Berlin,Senior,Data Scientist,15,Not Relevant,85000,0,,,,,25,,English,,10-50,Startup,unlimited,Health,
05.12.2019 09:48:37,26,Male,Frankfurt,Middle,Frontend Developer,6,Javascript / Typescript,76000,5000,,65000,3000,,30,2,Deutsch,,100-1000,Product,unlimited,Finance / Insurance,
05.12.2019 09:52:03,37,Male,Dublin,Senior,Manager,15,Not Relevant,98000,15000,,130000,150000,,26,20,English,Optum,1000+,Product,unlimited,Finance / Insurance,
05.12.2019 09:52:25,36,Male,Berlin,Senior,Backend Developer,10,Java,62000,,,55000,,,30,10,Deutsch,,1000+,Product,unlimited,Finance / Insurance,
05.12.2019 10:04:30,33,Male,Berlin,Senior,Data Engineer,3,Python,63000,,,,,,30,,English,,,Product,unlimited,,
05.12.2019 10:25:42,30,Male,Berlin,Senior,Software Architect,10,AWS,73000,20000,2000,66000,,10000,28,20,English,,1000+,Product,unlimited,Cloud,
05.12.2019 10:31:36,35,Female,Berlin,Junior,Frontend Developer,2,Javascript / Typescript,50000,,,40000,,,26,2,English,relayr,100-1000,Startup,unlimited,IoT,
05.12.2019 10:37:31,23,Male,Jyvaskyla,Middle,Backend Developer,2,Python,36000,,,24000,,,30,20,English,,100-1000,Product,unlimited,Сommerce,
05.12.2019 10:39:25,28,Male,Berlin,Senior,Backend Developer,7,Java,80000,5000,,66000,3000,,30,1,English,Akelius,100-1000,Product,unlimited,Real Estate,
05.12.2019 10:43:01,31,Male,Berlin,Senior,Business Analyst,8,SQL,91000,10000,10000,84000,9000,10000,28,0,English,,1000+,Product,unlimited,Сommerce,
05.12.2019 10:44:14,28,Male,Berlin,Senior,DevOps,6,AWS,70000,,10000,,,,28,,English,,50-100,Product,unlimited,Finance / Insurance,
05.12.2019 11:46:19,27,Male,Berlin,Senior,Data Engineer,5,Python,77000,11000,6000,70000,6000,0,28,2,English,,1000+,Product,unlimited,Сommerce,
05.12.2019 11:59:21,,Male,Toulouse,Middle,Data Scientist,3,Python,56000,3000,,55000,3000,,35,8,French,,100-1000,Product,unlimited,Manufacture,
05.12.2019 12:24:15,32,Male,Stuttgart,Senior,Frontend Developer,12,Javascript / Typescript,69000,5000,,55000,,,30,5,Deutsch,Daimler,1000+,Product,unlimited,Transport,
05.12.2019 12:33:27,35,Male,Berlin,Senior,Fullstack Developer,15,PHP,35000,0,,,,,20,0,English,,1000+,Product,unlimited,Сommerce,
05.12.2019 12:56:17,25,Male,Berlin,Senior,Frontend Developer,5,Javascript / Typescript,60000,,,,,,25,1,English,,100-1000,Product,unlimited,Finance / Insurance,
05.12.2019 13:14:29,35,Male,Berlin,Senior,Data Engineer,15,Python,75000,,,,,,28,8,English,Hellofresh,100-1000,Product,unlimited,Сommerce,
05.12.2019 13:14:46,34,Female,Munich,Senior,Business Analyst,9,Python,75000,0,1,55000,5000,0,24,5,English,Pinaccle,50-100,Startup,unlimited,Real Estate,
05.12.2019 13:28:32,29,Female,Berlin,Middle,Data Scientist,3,Python,57000,0,,55000,,360,30,8,Deutsch,Europace AG,100-1000,Product,unlimited,Finance / Insurance,
05.12.2019 13:37:42,34,Male,Frankfurt,Middle,Data Scientist,3,Python,50000,0,1,50000,1,1,28,5,English,,1000+,Product,unlimited,Telecom,
05.12.2019 13:42:19,35,Female,Berlin,Senior,Data Scientist,5,Python,71000,,,68000,,,26,1,English,Bayes Esports Solutions,10-50,Startup,unlimited,Gaming,
05.12.2019 13:52:15,34,Male,Berlin,Senior,Manager,10,Not Relevant,66000,,,,,,30,,English,,1000+,Bodyshop / Outsource,unlimited,,
05.12.2019 13:54:32,39,Male,Berlin,Senior,Data Engineer,3,SQL,63000,0,,56000,,0,26,0,English,,100-1000,Startup,unlimited,IT,
05.12.2019 14:01:04,,Female,Berlin,Senior,QA,11,Not Relevant,72500,,,,,,28,,English,,100-1000,Consulting / Agency,unlimited,,
05.12.2019 14:10:19,39,Male,Dubai,Senior,Researcher,18,Python,120000,0,0.1,120000,,,20,8,English,noon,1000+,Startup,more than 1 year,Сommerce,
05.12.2019 14:16:49,34,Male,Berlin,Senior,Data Scientist,4,R,67000,10000,,67000,10000,,27,4,English,,100-1000,Product,unlimited,Finance / Insurance,
05.12.2019 14:23:38,27,Male,Munich,Senior,Data Scientist,7,Python,90000,,,75000,,,28,,English,,100-1000,Product,unlimited,Сommerce,
05.12.2019 14:29:09,30,Male,Munich,Senior,Backend Developer,10,PHP,80000,,,,,,31,,English,,1000+,Product,unlimited,Transport,
05.12.2019 14:51:46,32,Female,Munich,Middle,Fullstack Developer,5,Python,70000,0,,58000,4000,,25,4,English,Fineway,50-100,Startup,unlimited,Tourism,
05.12.2019 14:59:20,35,Male,Berlin,Senior,Mobile Developer,8,Kotlin,65000,5000,,56000,,,24,1,Deutsch,,50-100,Product,unlimited,IT,
05